1,1399/10/08,0.05,1.28,20.1,10374.51
2,1399/10/07,0.06,-0.32,23.17,-68.98
3,1399/10/06,0.08,-1.68,32.0,-99.79
4,1399/10/05,0.04,0.0,17.25,0.0
5,1399/10/04,0.05,0.0,20.94,0.0
6,1399/10/03,0.06,0.2,23.27,110.33
7,1399/10/02,0.06,0.6,23.29,778.27
8,1399/10/01,0.06,-0.19,23.25,-50.01
9,1399/09/30,0.06,-0.4,23.49,-76.97
10,1399/09/29,0.08,2.23,33.32,317100.25
11,1399/09/28,0.05,0.0,18.18,0.0
12,1399/09/27,0.05,0.0,18.53,0.0
13,1399/09/26,0.06,-1.05,24.53,-97.89
14,1399/09/25,0.1,-3.76,45.34,-100.0
15,1399/09/24,0.01,-2.08,5.02,-99.95
16,1399/09/23,0.08,-0.77,32.54,-93.95
17,1399/09/22,0.04,1.41,17.61,16464.2
18,1399/09/21,0.04,0.0,16.61,0.0
19,1399/09/20,0.04,0.0,16.87,0.0
21,1399/09/19,0.08,-0.08,34.36,-24.23
22,1399/09/18,0.06,-0.37,24.97,-74.16
23,1399/09/17,0.06,-0.67,23.64,-91.28
24,1399/09/16,0.06,2.18,23.7,257992.0
25,1399/09/15,0.09,1.34,37.21,12777.93
26,1399/09/14,0.04,0.0,17.36,0.0
27,1399/09/13,0.04,0.0,17.54,0.0
28,1399/09/12,0.06,-0.18,23.76,-48.79
29,1399/09/11,0.05,0.52,21.29,575.39
30,1399/09/10,0.07,2.71,28.23,1740078.99
31,1399/09/09,0.07,2.62,26.81,1279692.23
32,1399/09/08,0.06,1.73,26.19,51559.81
33,1399/09/07,0.04,0.0,16.25,0.0
34,1399/09/06,0.05,0.0,19.56,0.0
35,1399/09/05,0.07,0.75,31.34,1449.49
36,1399/09/04,0.06,-1.35,23.3,-99.3
37,1399/09/03,0.06,1.23,23.27,8495.02
38,1399/09/02,0.06,-0.56,23.24,-87.24
39,1399/09/01,0.06,1.58,23.3,30270.87
40,1399/08/30,0.0,0.0,0.0,0.0
41,1399/08/30,1.8,0.0,67010.75,0.0
42,1399/08/29,0.07,0.0,30.71,0.0
43,1399/08/28,0.09,3.73,38.12,63462825.16
44,1399/08/27,0.06,1.82,26.37,72563.6
45,1399/08/26,0.07,1.3,27.49,11196.33
46,1399/08/25,0.04,0.78,16.78,1592.87
47,1399/08/24,0.07,2.18,28.86,258619.22
48,1399/08/23,0.05,0.0,19.4,0.0
49,1399/08/22,0.06,0.0,24.06,0.0
50,1399/08/21,0.07,0.75,26.98,1451.98
51,1399/08/20,0.05,-0.27,18.45,-62.79
52,1399/08/19,0.05,-2.04,21.54,-99.95
53,1399/08/18,0.06,-1.77,23.01,-99.85
54,1399/08/17,0.07,-2.14,30.11,-99.96
55,1399/08/16,0.05,0.0,19.66,0.0
56,1399/08/15,0.05,0.0,19.71,0.0
57,1399/08/14,0.06,2.05,26.59,166776.02
58,1399/08/13,0.05,0.0,19.74,0.0
59,1399/08/12,0.06,-1.2,23.09,-98.77
60,1399/08/11,0.06,-1.99,23.2,-99.94
61,1399/08/10,0.07,1.37,30.16,14104.42
62,1399/08/09,0.05,0.0,19.66,0.0
63,1399/08/08,0.05,0.0,19.97,0.0
64,1399/08/07,0.06,-1.05,23.21,-97.88
65,1399/08/06,0.06,-2.59,23.18,-99.99
66,1399/08/05,0.07,-2.73,26.79,-100.0
67,1399/08/04,0.05,0.0,19.8,0.0
68,1399/08/03,0.07,-2.71,31.2,-100.0
69,1399/08/02,0.05,0.0,19.57,0.0
70,1399/08/01,0.05,0.0,19.4,0.0
71,1399/07/30,0.05,-0.49,21.52,-83.34
72,1399/07/29,0.06,-2.94,23.56,-100.0
73,1399/07/28,0.09,-3.43,38.64,-100.0
74,1399/07/27,0.05,-3.02,19.48,-100.0
75,1399/07/26,0.05,0.0,19.07,0.0
76,1399/07/25,0.05,0.0,19.33,0.0
77,1399/07/24,0.05,0.0,19.34,0.0
78,1399/07/23,0.06,-1.15,23.56,-98.55
79,1399/07/22,0.06,0.01,22.99,2.95
81,1399/07/21,0.06,-1.1,23.01,-98.26
82,1399/07/20,0.06,3.59,23.02,38381327.66
83,1399/07/19,0.07,0.07,30.31,31.07
84,1399/07/18,0.05,0.0,19.55,0.0
85,1399/07/17,0.05,0.0,19.51,0.0
86,1399/07/16,0.06,1.72,23.12,49786.9
87,1399/07/15,0.06,1.65,23.05,38776.72
88,1399/07/14,0.06,-2.16,24.91,-99.96
89,1399/07/13,0.07,-1.5,28.51,-99.6
90,1399/07/12,0.08,2.84,32.27,2778014.04
91,1399/07/11,0.05,0.0,21.92,0.0
92,1399/07/10,0.05,0.0,19.56,0.0
93,1399/07/09,0.05,0.7,21.94,1194.66
94,1399/07/08,0.04,-1.52,14.6,-99.63
95,1399/07/07,0.07,-3.5,29.84,-100.0
96,1399/07/06,0.05,-2.76,22.03,-100.0
97,1399/07/05,0.04,0.25,15.76,151.62
98,1399/07/04,0.05,0.0,19.89,0.0
99,1399/07/03,0.07,0.0,30.91,0.0
100,1399/07/02,0.05,1.91,22.03,101331.88
101,1399/07/01,0.05,-0.88,22.09,-95.97
102,1399/06/31,0.05,-3.46,22.21,-100.0
103,1399/06/30,0.01,-2.78,5.12,-100.0
104,1399/06/29,0.07,-0.27,29.37,-62.66
105,1399/06/28,0.05,0.0,20.29,0.0
106,1399/06/27,0.05,0.0,20.38,0.0
107,1399/06/26,0.08,2.37,34.41,522497.2
108,1399/06/25,0.09,3.55,36.59,33397864.6
109,1399/06/24,0.06,1.86,22.49,84145.59
110,1399/06/23,0.05,-0.35,19.71,-72.32
111,1399/06/22,0.09,1.77,37.91,59318.28
112,1399/06/21,0.05,0.0,20.78,0.0
113,1399/06/20,0.05,0.0,20.79,0.0
114,1399/06/19,0.03,-0.87,13.52,-95.95
115,1399/06/18,0.05,-2.31,21.95,-99.98
116,1399/06/17,0.05,-2.47,21.92,-99.99
117,1399/06/16,0.05,0.35,21.98,263.59
118,1399/06/15,0.07,0.62,29.84,862.29
119,1399/06/14,0.05,0.0,20.21,0.0
121,1399/06/13,0.04,0.0,16.36,0.0
122,1399/06/12,0.05,-3.14,22.03,-100.0
123,1399/06/11,0.05,-2.5,22.09,-99.99
124,1399/06/10,0.05,0.53,17.92,597.32
125,1399/06/09,0.05,0.0,20.22,0.0
126,1399/06/08,0.08,0.0,32.68,0.0
127,1399/06/07,0.05,0.0,20.25,0.0
128,1399/06/06,0.05,0.0,19.87,0.0
129,1399/06/05,0.05,4.17,22.13,294995086.6
130,1399/06/04,0.05,2.58,22.14,1090909.47
131,1399/06/03,0.05,-3.23,22.11,-100.0
132,1399/06/02,0.05,-3.77,22.17,-100.0
133,1399/06/01,0.05,-1.71,22.18,-99.81
134,1399/05/31,0.06,0.0,22.48,0.0
135,1399/05/30,0.05,0.0,21.88,0.0
136,1399/05/29,0.09,-3.73,37.09,-100.0
137,1399/05/28,0.05,0.53,21.82,593.31
138,1399/05/27,0.05,0.12,21.84,53.24
139,1399/05/26,0.06,-4.71,24.51,-100.0
141,1399/05/25,-0.18,-3.66,-48.51,-100.0
142,1399/05/24,0.05,0.0,18.2,0.0
143,1399/05/23,0.29,0.0,190.99,0.0
144,1399/05/22,0.06,-1.22,24.21,-98.85
145,1399/05/21,0.05,-3.16,21.74,-100.0
146,1399/05/20,0.05,-0.64,21.84,-90.56
147,1399/05/19,0.03,2.18,12.74,261108.58
148,1399/05/18,0.05,0.0,20.98,0.0
149,1399/05/17,0.05,0.0,21.04,0.0
150,1399/05/16,0.08,0.0,31.8,0.0
151,1399/05/15,0.06,1.96,23.46,120281.81
152,1399/05/14,0.05,0.09,21.92,36.73
153,1399/05/13,0.05,-0.9,21.93,-96.35
154,1399/05/12,0.05,2.54,21.9,954208.8
155,1399/05/11,0.06,3.01,22.94,5001917.34
156,1399/05/10,0.05,0.0,21.22,0.0
157,1399/05/09,0.05,0.0,21.68,0.0
158,1399/05/08,0.05,-1.9,22.0,-99.91
159,1399/05/07,0.05,0.38,21.97,292.45
160,1399/05/06,0.05,-0.62,21.49,-89.83
161,1399/05/05,0.05,-0.35,22.13,-72.13
162,1399/05/04,0.06,2.72,22.23,1804654.3
163,1399/05/03,0.05,0.0,21.58,0.0
164,1399/05/02,0.05,0.0,21.32,0.0
165,1399/05/01,0.06,-0.78,23.48,-94.36
166,1399/04/31,-0.02,-0.45,-6.46,-80.48
167,1399/04/30,0.13,3.21,57.95,10172915.98
168,1399/04/29,0.05,3.08,21.03,6501273.06
169,1399/04/28,0.06,-1.77,23.63,-99.85
170,1399/04/27,0.05,0.0,21.31,0.0
171,1399/04/26,0.05,0.0,21.15,0.0
172,1399/04/25,0.05,-0.17,21.25,-46.56
173,1399/04/24,0.05,1.25,22.01,9153.62
174,1399/04/23,0.05,0.51,21.8,543.95
175,1399/04/22,0.05,4.11,21.82,238629720.49
176,1399/04/21,0.07,-0.7,28.15,-92.32
177,1399/04/20,0.05,0.0,19.1,0.0
178,1399/04/19,0.05,0.0,19.24,0.0
179,1399/04/18,0.05,0.38,20.95,293.11
181,1399/04/17,0.05,0.61,21.92,836.8
182,1399/04/16,0.05,4.89,20.88,3733497263.27
183,1399/04/15,0.05,2.1,21.95,196462.76
184,1399/04/14,0.06,0.52,24.83,575.8
185,1399/04/13,0.05,0.0,19.05,0.0
186,1399/04/12,0.05,0.0,22.08,0.0
187,1399/04/11,0.05,4.27,22.05,425395716.84
188,1399/04/10,0.06,4.38,22.59,626096368.92
189,1399/04/09,0.05,-0.67,21.99,-91.47
190,1399/04/08,0.05,1.75,21.91,56337.18
191,1399/04/07,0.07,3.3,27.64,14005265.08
192,1399/04/06,0.05,0.0,18.96,0.0
193,1399/04/05,0.05,0.0,19.18,0.0
194,1399/04/04,-0.41,2.04,-77.43,160340.36
195,1399/04/03,0.29,3.69,187.05,55326067.56
196,1399/04/02,0.21,3.13,116.41,7690620.24
197,1399/04/01,0.13,2.38,58.87,530586.98
198,1399/03/31,0.14,3.33,64.5,15497338.31
199,1399/03/30,0.05,0.0,18.81,0.0
201,1399/03/29,0.05,0.0,18.95,0.0
202,1399/03/28,0.05,0.0,19.04,0.0
203,1399/03/27,0.28,2.46,173.78,718013.95
204,1399/03/26,-0.06,1.24,-20.87,9010.32
205,1399/03/25,0.12,-0.38,52.75,-74.77
206,1399/03/24,0.18,3.14,94.41,7845051.21
207,1399/03/23,0.05,0.0,18.82,0.0
208,1399/03/22,0.05,0.0,20.03,0.0
209,1399/03/21,0.1,3.18,46.0,9185347.42
210,1399/03/20,0.0,-0.07,-1.36,-22.83
211,1399/03/19,-0.04,0.24,-15.1,143.55
212,1399/03/18,0.17,4.43,89.16,741667037.76
213,1399/03/17,0.12,3.92,57.54,123985392.17
214,1399/03/16,0.05,0.0,20.86,0.0
215,1399/03/15,0.05,0.0,20.79,0.0
216,1399/03/14,0.05,0.0,21.06,0.0
217,1399/03/13,0.15,4.09,72.83,226318504.82
218,1399/03/12,0.05,1.82,21.99,73430.18
219,1399/03/11,0.06,-0.32,24.42,-68.56
220,1399/03/10,0.05,3.72,18.52,62343758.1
221,1399/03/09,0.05,0.0,20.84,0.0
222,1399/03/08,0.06,0.0,24.46,0.0
223,1399/03/07,0.05,1.34,22.01,12817.88
224,1399/03/06,0.07,-3.51,29.91,-100.0
225,1399/03/05,0.05,0.0,19.97,0.0
226,1399/03/04,0.04,0.0,16.75,0.0
227,1399/03/03,0.07,-2.73,30.73,-100.0
228,1399/03/02,0.05,0.0,18.96,0.0
229,1399/03/01,0.04,0.0,17.12,0.0
230,1399/02/31,0.06,-1.53,22.8,-99.64
231,1399/02/30,0.05,0.7,19.37,1165.42
232,1399/02/29,0.05,2.76,21.81,2062101.05
233,1399/02/28,0.06,-1.93,23.99,-99.92
234,1399/02/27,0.06,-2.97,24.41,-100.0
235,1399/02/26,0.05,0.0,19.29,0.0
236,1399/02/25,0.05,0.0,19.6,0.0
237,1399/02/24,0.05,-0.37,21.83,-74.18
238,1399/02/23,0.05,-2.51,21.85,-99.99
239,1399/02/22,0.05,0.43,21.81,382.85
241,1399/02/21,0.05,2.26,21.74,346087.46
242,1399/02/20,0.06,4.32,26.32,514728706.41
243,1399/02/19,0.05,0.0,20.02,0.0
244,1399/02/18,0.05,0.0,19.99,0.0
245,1399/02/17,0.05,-0.27,21.84,-62.73
246,1399/02/16,0.05,0.15,21.63,72.64
247,1399/02/15,0.05,2.4,21.95,565427.92
248,1399/02/14,0.05,4.23,21.92,367548694.53
249,1399/02/13,0.06,4.48,26.21,873347613.37
250,1399/02/12,0.05,0.0,19.28,0.0
251,1399/02/11,0.05,0.0,20.64,0.0
252,1399/02/10,0.05,3.8,22.02,81753517.82
253,1399/02/09,0.06,3.1,25.31,6943110.24
254,1399/02/08,0.05,2.84,18.8,2790793.51
255,1399/02/07,0.05,3.7,22.06,56758892.69
256,1399/02/06,0.07,3.7,28.55,57152306.38
257,1399/02/05,0.05,0.0,18.88,0.0
258,1399/02/04,0.05,0.0,19.28,0.0
259,1399/02/03,0.05,2.18,21.89,257555.18
260,1399/02/02,0.05,2.42,22.17,612510.7
261,1399/02/01,0.05,2.75,22.09,1977708.36
262,1399/01/31,0.05,3.16,21.66,8517851.47
263,1399/01/30,0.07,3.58,27.3,38156956.61
264,1399/01/29,0.05,0.0,19.0,0.0
265,1399/01/28,0.05,0.0,19.01,0.0
266,1399/01/27,0.05,3.09,21.71,6738260.5
267,1399/01/26,0.05,0.3,19.94,196.28
268,1399/01/25,0.06,0.2,23.59,109.94
269,1399/01/24,0.05,2.53,21.79,926739.93
270,1399/01/23,0.07,1.78,27.88,61445.95
271,1399/01/22,0.05,0.0,18.82,0.0
272,1399/01/21,0.05,0.0,18.88,0.0
273,1399/01/20,0.05,2.38,21.84,530662.75
274,1399/01/19,0.05,2.41,21.81,588170.82
275,1399/01/18,0.05,-0.74,21.82,-93.28
276,1399/01/17,0.05,1.12,21.88,5784.99
277,1399/01/16,0.08,3.63,34.66,44716330.1
278,1399/01/15,0.05,0.0,18.77,0.0
279,1399/01/14,0.05,0.0,18.74,0.0
281,1399/01/13,0.05,0.0,18.97,0.0
282,1399/01/12,0.05,0.0,18.76,0.0
283,1399/01/11,0.06,0.37,22.27,282.3
284,1399/01/10,0.05,2.46,21.97,723219.99
285,1399/01/09,0.07,2.16,28.12,243718.72
286,1399/01/08,0.05,0.0,18.72,0.0
287,1399/01/07,0.05,0.0,19.34,0.0
288,1399/01/06,0.05,2.48,21.63,757045.44
289,1399/01/05,0.08,-0.83,35.39,-95.15
290,1399/01/04,0.05,0.0,19.16,0.0
291,1399/01/03,0.05,0.0,19.21,0.0
292,1399/01/02,0.05,0.0,18.83,0.0
293,1399/01/01,0.05,0.0,18.8,0.0
294,1398/12/29,0.05,0.0,20.21,0.0
295,1398/12/28,0.21,2.08,118.15,186456.5
296,1398/12/27,0.05,-0.72,21.79,-92.9
297,1398/12/26,0.05,2.36,21.76,500519.57
298,1398/12/25,0.05,-1.66,21.86,-99.78
299,1398/12/24,0.06,-3.36,25.67,-100.0
301,1398/12/23,0.05,0.0,19.33,0.0
302,1398/12/22,0.05,0.0,20.59,0.0
303,1398/12/21,0.05,0.07,21.87,29.15
304,1398/12/20,0.05,-2.72,21.88,-100.0
305,1398/12/19,-0.09,-2.7,-29.29,-100.0
306,1398/12/18,0.2,0.0,110.17,0.0
307,1398/12/17,0.06,-1.08,26.28,-98.08
308,1398/12/16,0.05,0.0,19.32,0.0
309,1398/12/15,0.05,0.0,20.28,0.0
310,1398/12/14,0.05,2.01,22.01,141836.17
311,1398/12/13,0.05,2.82,21.93,2528057.59
312,1398/12/12,0.05,2.67,21.86,1481949.61
313,1398/12/11,0.05,1.93,22.18,108645.21
314,1398/12/10,0.07,-3.45,26.81,-100.0
315,1398/12/09,0.05,0.0,19.49,0.0
316,1398/12/08,0.05,0.0,19.89,0.0
317,1398/12/07,0.05,1.03,22.06,4103.53
318,1398/12/06,0.05,2.93,22.07,3829670.67
319,1398/12/05,0.05,0.97,22.08,3270.41
320,1398/12/04,0.05,3.54,22.14,32141876.83
321,1398/12/03,0.07,0.65,27.34,965.87
322,1398/12/02,0.05,0.0,18.18,0.0
323,1398/12/01,0.05,0.0,20.98,0.0
324,1398/11/30,0.05,1.41,21.8,16205.3
325,1398/11/29,0.05,-0.98,21.72,-97.29
326,1398/11/28,0.05,0.86,21.82,2172.48
327,1398/11/27,0.05,2.33,21.75,446713.39
328,1398/11/26,0.07,0.63,27.64,902.8
329,1398/11/25,0.05,0.0,18.96,0.0
330,1398/11/24,0.05,0.0,19.06,0.0
331,1398/11/23,0.06,2.67,24.56,1489291.9
332,1398/11/22,0.05,0.0,19.21,0.0
333,1398/11/21,0.05,-1.64,21.87,-99.76
334,1398/11/20,0.05,0.39,19.4,317.39
335,1398/11/19,0.07,1.56,29.11,28153.81
336,1398/11/18,0.05,0.0,19.43,0.0
337,1398/11/17,0.05,0.0,19.52,0.0
338,1398/11/16,0.06,1.29,22.38,10805.92
339,1398/11/15,0.05,0.3,21.95,198.66
341,1398/11/14,0.05,2.49,22.05,793207.58
342,1398/11/13,0.05,0.48,21.8,467.57
343,1398/11/12,0.07,-0.22,29.94,-55.8
344,1398/11/11,0.05,0.0,19.42,0.0
345,1398/11/10,0.05,0.0,19.35,0.0
346,1398/11/09,0.05,0.0,19.7,0.0
347,1398/11/08,0.05,1.54,22.04,26200.4
348,1398/11/07,0.05,0.56,22.1,676.53
349,1398/11/06,0.05,0.31,22.02,214.36
350,1398/11/05,0.07,1.41,27.12,16365.24
351,1398/11/04,0.05,0.0,19.37,0.0
352,1398/11/03,0.05,0.0,19.95,0.0
353,1398/11/02,0.05,1.28,22.12,10331.28
354,1398/11/01,0.05,-0.93,22.14,-96.66
355,1398/10/30,0.05,-0.22,19.72,-54.57
356,1398/10/29,0.06,0.18,23.89,91.79
357,1398/10/28,0.07,2.63,27.66,1317197.95
358,1398/10/27,0.05,0.0,18.94,0.0
359,1398/10/26,0.05,0.0,18.95,0.0
361,1398/10/25,0.05,0.89,21.82,2459.39
362,1398/10/24,0.05,0.99,21.83,3521.02
363,1398/10/23,0.05,4.36,21.85,587391013.65
364,1398/10/22,0.06,4.4,23.41,676927759.73
365,1398/10/21,0.06,1.7,25.99,46190.77
366,1398/10/20,0.05,0.0,19.1,0.0
367,1398/10/19,0.05,0.0,19.15,0.0
368,1398/10/18,0.05,-1.4,22.0,-99.42
369,1398/10/17,0.06,-1.91,24.65,-99.91
370,1398/10/16,0.05,0.0,19.19,0.0
371,1398/10/15,0.05,-0.41,21.95,-77.96
372,1398/10/14,0.07,-4.36,27.43,-100.0
373,1398/10/13,0.05,0.0,18.92,0.0
374,1398/10/12,0.05,0.0,19.71,0.0
375,1398/10/11,0.05,1.88,22.05,89463.19
376,1398/10/10,0.05,0.39,21.97,314.11
377,1398/10/09,0.05,1.57,22.03,29747.88
378,1398/10/08,0.05,0.57,22.09,697.87
379,1398/10/07,0.08,1.81,35.29,70204.14
380,1398/10/06,0.04,0.0,15.29,0.0
381,1398/10/05,0.04,0.0,16.74,0.0
382,1398/10/04,0.05,-0.32,22.1,-69.33
383,1398/10/03,0.05,0.81,21.93,1767.98
384,1398/10/02,0.05,0.74,22.12,1381.69
385,1398/10/01,0.05,0.77,22.14,1541.68
386,1398/09/30,0.08,1.05,33.53,4406.73
387,1398/09/29,0.04,0.0,15.92,0.0
388,1398/09/28,0.04,0.0,16.64,0.0
389,1398/09/27,0.05,1.0,21.79,3612.66
390,1398/09/26,0.06,0.69,22.25,1138.52
391,1398/09/25,0.05,0.11,21.34,48.4
392,1398/09/24,0.05,0.24,21.88,139.73
393,1398/09/23,0.08,1.15,32.77,6409.61
394,1398/09/22,0.04,0.0,16.4,0.0
395,1398/09/21,0.04,0.0,17.09,0.0
396,1398/09/20,0.05,-0.01,22.02,-5.01
397,1398/09/19,0.05,1.08,21.15,5031.14
398,1398/09/18,0.06,0.97,23.46,3285.95
399,1398/09/17,0.05,1.51,21.0,23530.25
401,1398/09/16,0.08,1.58,31.62,30477.48
402,1398/09/15,0.04,0.0,16.85,0.0
403,1398/09/14,0.05,0.0,17.92,0.0
404,1398/09/13,0.05,0.53,21.93,599.01
405,1398/09/12,0.05,0.19,22.03,102.49
406,1398/09/11,0.05,0.48,22.0,470.76
407,1398/09/10,0.05,1.3,22.02,10965.54
408,1398/09/09,0.07,1.08,28.87,4923.94
409,1398/09/08,0.05,0.0,18.33,0.0
410,1398/09/07,0.05,0.0,19.16,0.0
411,1398/09/06,0.05,0.51,22.07,545.77
412,1398/09/05,0.05,0.38,22.08,296.54
413,1398/09/04,0.05,0.88,22.1,2384.25
414,1398/09/03,0.05,0.05,22.11,19.83
415,1398/09/02,0.06,0.21,25.88,111.22
416,1398/09/01,0.05,0.0,18.49,0.0
417,1398/08/30,0.09,0.0,37.63,0.0
418,1398/08/29,0.02,0.1,7.42,44.68
419,1398/08/28,0.05,0.65,21.78,957.5
421,1398/08/27,0.05,0.13,21.79,59.22
422,1398/08/26,0.06,-1.48,22.69,-99.57
423,1398/08/25,0.07,-0.07,27.98,-21.94
424,1398/08/24,0.05,0.0,18.29,0.0
425,1398/08/23,0.05,0.0,18.6,0.0
426,1398/08/22,0.05,0.14,18.82,68.49
427,1398/08/21,0.06,0.89,25.76,2457.07
428,1398/08/20,0.05,0.38,21.14,298.5
429,1398/08/19,0.05,-1.0,21.9,-97.46
430,1398/08/18,0.07,0.17,31.15,87.32
431,1398/08/17,0.05,0.0,18.45,0.0
432,1398/08/16,0.05,0.0,18.42,0.0
433,1398/08/15,0.05,0.0,18.94,0.0
434,1398/08/14,0.06,0.22,23.21,119.48
435,1398/08/13,0.05,-1.39,21.93,-99.39
436,1398/08/12,0.05,0.07,22.03,31.33
437,1398/08/11,0.07,-0.3,29.35,-66.69
438,1398/08/10,0.05,0.0,18.22,0.0
439,1398/08/09,0.05,0.0,18.79,0.0
440,1398/08/08,0.06,1.21,25.65,7861.71
441,1398/08/07,0.05,0.0,18.51,0.0
442,1398/08/06,0.06,0.83,25.63,1946.7
443,1398/08/05,0.05,0.0,18.67,0.0
444,1398/08/04,0.07,-0.77,30.09,-94.07
445,1398/08/03,0.05,0.0,18.26,0.0
446,1398/08/02,0.05,0.0,18.31,0.0
447,1398/08/01,0.05,-0.81,22.14,-94.92
448,1398/07/30,0.05,2.03,20.75,154646.49
449,1398/07/29,0.06,0.26,24.06,157.49
450,1398/07/28,0.08,-2.66,33.86,-99.99
451,1398/07/27,0.05,0.0,18.17,0.0
452,1398/07/26,0.05,0.0,17.93,0.0
453,1398/07/25,0.05,0.0,17.98,0.0
454,1398/07/24,0.05,0.21,21.88,118.21
455,1398/07/23,0.05,-3.41,21.8,-100.0
456,1398/07/22,0.05,-1.94,21.86,-99.92
457,1398/07/21,0.05,1.28,21.87,10378.11
458,1398/07/20,0.07,2.88,29.65,3149872.8
459,1398/07/19,0.05,0.0,18.13,0.0
461,1398/07/18,0.05,0.0,18.27,0.0
462,1398/07/17,0.05,-0.45,22.19,-80.85
463,1398/07/16,0.05,-2.01,21.94,-99.94
464,1398/07/15,0.05,0.22,21.95,122.25
465,1398/07/14,0.05,-2.17,21.96,-99.97
466,1398/07/13,0.07,0.36,30.11,277.35
467,1398/07/12,0.05,0.0,17.99,0.0
468,1398/07/11,0.05,0.0,18.21,0.0
469,1398/07/10,0.05,0.01,22.02,2.15
470,1398/07/09,0.05,0.43,21.99,376.65
471,1398/07/08,0.05,2.03,21.95,152358.91
472,1398/07/07,0.05,-0.55,22.1,-86.84
473,1398/07/06,0.07,1.79,27.71,63847.82
474,1398/07/05,0.05,0.0,18.8,0.0
475,1398/07/04,0.05,0.0,19.81,0.0
476,1398/07/03,0.05,0.71,22.15,1201.52
477,1398/07/02,0.05,0.24,22.03,136.42
478,1398/07/01,0.05,3.1,22.14,6930222.99
479,1398/06/31,0.0,0.0,0.0,0.0
480,1398/06/31,1.8,1.47,67384.2,20835.69
481,1398/06/30,0.06,1.21,23.64,7831.52
482,1398/06/29,0.05,0.0,18.48,0.0
483,1398/06/28,0.06,0.0,23.67,0.0
484,1398/06/27,-0.01,-2.62,-2.2,-99.99
485,1398/06/26,0.01,-1.25,3.07,-99.0
486,1398/06/25,-0.08,1.16,-24.58,6743.7
487,1398/06/24,0.05,-0.68,18.87,-91.65
488,1398/06/23,0.34,1.51,244.35,23669.7
489,1398/06/22,0.05,0.0,18.82,0.0
490,1398/06/21,0.05,0.0,18.92,0.0
491,1398/06/20,0.07,1.08,30.59,4908.18
492,1398/06/19,0.05,0.0,18.86,0.0
493,1398/06/18,0.05,0.0,18.78,0.0
494,1398/06/17,0.05,0.72,21.88,1287.05
495,1398/06/16,0.07,1.52,29.07,24905.37
496,1398/06/15,0.05,0.0,18.51,0.0
497,1398/06/14,0.05,0.0,18.48,0.0
498,1398/06/13,0.05,1.61,21.98,34232.51
499,1398/06/12,0.05,0.89,21.99,2411.47
500,1398/06/11,0.05,-1.07,21.91,-98.01
501,1398/06/10,0.05,0.7,21.71,1154.18
502,1398/06/09,0.07,1.96,28.35,119608.77
503,1398/06/08,0.05,0.0,18.29,0.0
504,1398/06/07,0.05,0.0,19.33,0.0
505,1398/06/06,0.06,0.07,22.69,30.81
506,1398/06/05,0.05,1.31,22.04,11423.82
507,1398/06/04,0.05,2.1,22.1,194977.79
508,1398/06/03,0.05,-0.28,21.98,-64.29
509,1398/06/02,0.06,1.45,25.79,19039.24
510,1398/06/01,0.05,0.0,18.67,0.0
511,1398/05/31,0.05,0.0,18.25,0.0
512,1398/05/30,0.08,1.21,33.34,8013.28
513,1398/05/29,0.05,0.0,18.83,0.0
514,1398/05/28,0.05,0.75,19.96,1411.81
515,1398/05/27,0.05,-0.16,21.79,-43.92
516,1398/05/26,0.06,0.01,26.59,2.02
517,1398/05/25,0.05,0.0,18.62,0.0
518,1398/05/24,0.05,0.0,20.31,0.0
519,1398/05/23,0.05,1.67,19.45,42153.18
521,1398/05/22,0.06,0.48,25.06,468.34
522,1398/05/21,0.05,0.0,18.92,0.0
523,1398/05/20,0.06,0.22,23.97,125.64
524,1398/05/19,0.07,0.06,27.72,22.71
525,1398/05/18,0.05,0.0,18.82,0.0
526,1398/05/17,0.05,0.0,19.39,0.0
527,1398/05/16,0.05,-0.14,21.94,-39.26
528,1398/05/15,0.05,-0.46,21.91,-81.56
529,1398/05/14,0.05,0.46,21.96,428.28
530,1398/05/13,0.05,0.42,21.89,366.85
531,1398/05/12,0.07,0.0,28.49,1.18
532,1398/05/11,0.05,0.0,18.51,0.0
533,1398/05/10,0.05,0.0,19.26,0.0
534,1398/05/09,0.05,0.61,21.99,827.0
535,1398/05/08,0.05,0.16,22.04,80.76
536,1398/05/07,0.05,0.06,22.1,26.7
537,1398/05/06,0.05,0.02,21.76,7.37
538,1398/05/05,0.07,-0.23,27.82,-57.32
539,1398/05/04,0.05,0.0,18.5,0.0
540,1398/05/03,0.05,0.0,20.43,0.0
541,1398/05/02,0.05,0.63,22.08,894.4
542,1398/05/01,0.05,-0.7,22.18,-92.38
543,1398/04/31,0.05,1.36,21.65,13745.09
544,1398/04/30,0.06,1.31,25.49,11395.17
545,1398/04/29,0.06,-0.14,24.56,-40.7
546,1398/04/28,0.05,0.0,18.37,0.0
547,1398/04/27,0.05,0.0,18.42,0.0
548,1398/04/26,0.06,0.21,22.42,116.7
549,1398/04/25,0.02,-2.78,8.05,-100.0
550,1398/04/24,0.05,-0.11,22.18,-32.65
551,1398/04/23,0.08,1.19,36.35,7301.43
552,1398/04/22,0.02,0.39,7.83,319.74
553,1398/04/21,0.05,0.0,18.52,0.0
554,1398/04/20,0.05,0.0,18.79,0.0
555,1398/04/19,0.09,0.36,38.97,276.92
556,1398/04/18,0.06,-0.22,25.89,-54.44
557,1398/04/17,0.06,1.14,23.75,6124.63
558,1398/04/16,0.05,0.41,21.06,342.16
559,1398/04/15,0.07,-1.41,29.79,-99.43
561,1398/04/14,0.05,0.0,18.61,0.0
562,1398/04/13,0.05,0.0,18.58,0.0
563,1398/04/12,0.05,0.27,21.02,166.68
564,1398/04/11,0.05,0.47,22.14,447.2
565,1398/04/10,0.06,-0.57,23.35,-87.48
566,1398/04/09,0.08,-0.02,31.61,-6.36
567,1398/04/08,0.05,0.0,18.46,0.0
568,1398/04/07,0.05,0.0,18.47,0.0
569,1398/04/06,0.05,0.0,19.87,0.0
570,1398/04/05,0.06,1.42,22.48,17049.93
571,1398/04/04,0.05,1.04,21.92,4317.31
572,1398/04/03,0.05,2.15,21.84,236418.85
573,1398/04/02,0.06,1.53,22.26,25243.18
574,1398/04/01,0.05,-0.42,22.09,-78.71
575,1398/03/31,0.05,0.0,18.59,0.0
576,1398/03/30,0.11,0.0,51.54,0.0
577,1398/03/29,0.0,-0.96,-1.57,-97.01
578,1398/03/28,0.06,-0.43,23.01,-78.88
579,1398/03/27,0.05,-0.02,21.44,-8.72
581,1398/03/26,0.05,1.73,21.02,52360.49
582,1398/03/25,-0.04,0.35,-13.41,256.92
583,1398/03/24,0.05,0.0,18.18,0.0
584,1398/03/23,0.05,0.0,18.57,0.0
585,1398/03/22,0.16,1.19,82.21,7297.13
586,1398/03/21,0.05,0.15,20.86,74.03
587,1398/03/20,0.03,0.2,12.49,107.12
588,1398/03/19,0.08,1.29,32.74,10553.67
589,1398/03/18,0.09,-0.04,36.57,-14.19
590,1398/03/17,0.05,0.0,18.28,0.0
591,1398/03/16,0.05,0.0,18.29,0.0
592,1398/03/15,0.05,0.0,18.26,0.0
593,1398/03/14,0.05,0.0,18.82,0.0
594,1398/03/13,0.06,1.09,22.38,5058.6
595,1398/03/12,0.05,0.97,22.08,3287.04
596,1398/03/11,0.06,-0.93,23.52,-96.7
597,1398/03/10,0.05,0.0,18.52,0.0
598,1398/03/09,0.06,0.0,24.18,0.0
599,1398/03/08,0.05,0.55,21.2,634.53
600,1398/03/07,0.06,2.61,25.57,1216292.0
601,1398/03/06,0.05,0.0,19.35,0.0
602,1398/03/05,0.05,1.52,21.73,24610.8
603,1398/03/04,0.07,-0.4,29.33,-76.59
604,1398/03/03,0.05,0.0,18.69,0.0
605,1398/03/02,0.05,0.0,18.87,0.0
606,1398/03/01,0.05,0.04,22.18,13.94
607,1398/02/31,0.05,1.52,20.01,24500.75
608,1398/02/30,0.06,-0.46,23.52,-81.44
609,1398/02/29,0.05,0.05,20.98,19.48
610,1398/02/28,0.07,0.82,29.37,1868.97
611,1398/02/27,0.05,0.0,18.43,0.0
612,1398/02/26,0.05,0.0,18.43,0.0
613,1398/02/25,0.06,-0.34,22.26,-71.58
614,1398/02/24,0.06,1.92,22.23,104388.81
615,1398/02/23,0.05,1.8,20.32,68277.87
616,1398/02/22,0.06,-2.43,22.39,-99.99
617,1398/02/21,0.07,-1.04,30.76,-97.76
618,1398/02/20,0.05,0.0,18.59,0.0
619,1398/02/19,0.05,0.0,18.81,0.0
621,1398/02/18,0.05,1.51,20.64,23787.11
622,1398/02/17,0.06,-3.53,24.83,-100.0
623,1398/02/16,0.05,-3.68,20.1,-100.0
624,1398/02/15,0.05,-0.24,21.07,-57.94
625,1398/02/14,0.07,2.04,27.8,156381.27
626,1398/02/13,0.05,0.0,17.93,0.0
627,1398/02/12,0.05,0.0,19.41,0.0
628,1398/02/11,0.05,1.6,21.52,32762.86
629,1398/02/10,0.06,0.83,23.94,1912.26
630,1398/02/09,0.05,2.69,20.88,1599896.74
631,1398/02/08,0.05,1.93,21.69,106069.78
632,1398/02/07,0.07,0.74,31.13,1381.51
633,1398/02/06,0.04,0.0,17.84,0.0
634,1398/02/05,0.05,0.0,18.23,0.0
635,1398/02/04,0.05,0.45,20.2,421.01
636,1398/02/03,0.06,-0.72,24.4,-92.76
637,1398/02/02,0.06,-0.03,25.56,-9.08
638,1398/02/01,0.05,0.0,18.49,0.0
639,1398/01/31,0.0,0.0,0.0,0.0
640,1398/01/31,1.76,2.23,58506.35,316656.91
641,1398/01/30,0.04,0.0,17.51,0.0
642,1398/01/29,0.03,0.0,12.55,0.0
643,1398/01/28,0.07,-0.98,29.37,-97.26
644,1398/01/27,0.03,0.04,12.89,16.62
645,1398/01/26,0.04,2.92,17.16,3624843.49
646,1398/01/25,0.07,0.45,27.43,417.77
647,1398/01/24,0.07,0.63,28.97,894.16
648,1398/01/23,0.04,0.0,17.49,0.0
649,1398/01/22,0.05,0.0,18.78,0.0
650,1398/01/21,0.06,1.87,23.02,85125.94
651,1398/01/20,0.08,0.97,31.73,3309.49
652,1398/01/19,0.03,0.28,13.16,173.41
653,1398/01/18,0.07,0.82,29.5,1903.8
654,1398/01/17,0.08,0.68,33.09,1073.76
655,1398/01/16,0.04,0.0,17.31,0.0
656,1398/01/15,0.04,0.0,17.28,0.0
657,1398/01/14,0.04,0.0,17.24,0.0
658,1398/01/13,0.04,0.0,17.34,0.0
659,1398/01/12,0.04,0.0,17.52,0.0
660,1398/01/11,0.06,-0.04,24.37,-14.05
661,1398/01/10,0.08,2.1,34.3,198132.97
662,1398/01/09,0.04,0.0,17.21,0.0
663,1398/01/08,0.04,0.0,17.6,0.0
664,1398/01/07,0.05,0.99,22.15,3517.54
665,1398/01/06,0.05,0.32,20.39,220.03
666,1398/01/05,0.1,0.3,42.63,198.02
667,1398/01/04,0.04,0.0,17.69,0.0
668,1398/01/03,0.04,0.0,17.66,0.0
669,1398/01/02,0.04,0.0,17.67,0.0
670,1398/01/01,0.04,0.0,17.59,0.0
671,1397/12/29,0.06,0.0,23.62,0.0
672,1397/12/28,0.05,1.57,18.54,29288.84
673,1397/12/27,0.06,1.96,24.05,118004.21
674,1397/12/26,0.05,0.82,21.5,1846.82
675,1397/12/25,0.08,1.19,31.58,7354.09
676,1397/12/24,0.04,0.0,16.93,0.0
677,1397/12/23,0.05,0.0,17.87,0.0
678,1397/12/22,0.06,0.72,24.26,1262.51
679,1397/12/21,0.05,0.32,18.53,222.76
681,1397/12/20,0.05,1.76,21.44,59021.66
682,1397/12/19,0.05,0.9,19.37,2508.84
683,1397/12/18,0.08,0.11,31.81,49.81
684,1397/12/17,0.04,0.0,17.25,0.0
685,1397/12/16,0.04,0.0,17.26,0.0
686,1397/12/15,0.06,0.14,23.68,68.74
687,1397/12/14,0.06,-1.0,23.07,-97.46
688,1397/12/13,0.06,-0.12,22.6,-36.45
689,1397/12/12,0.06,0.04,23.59,17.44
690,1397/12/11,0.07,-0.56,27.16,-87.1
691,1397/12/10,0.04,0.0,17.41,0.0
692,1397/12/09,0.05,0.0,18.19,0.0
693,1397/12/08,0.06,0.35,26.33,263.07
694,1397/12/07,0.05,-1.25,20.29,-98.98
695,1397/12/06,0.06,0.46,22.92,433.46
696,1397/12/05,0.05,1.07,21.15,4817.31
697,1397/12/04,0.07,3.0,29.43,4780344.38
698,1397/12/03,0.05,0.0,17.96,0.0
699,1397/12/02,0.05,0.0,19.0,0.0
700,1397/12/01,0.06,1.34,22.54,12578.82
701,1397/11/30,0.05,0.44,18.09,388.37
702,1397/11/29,0.17,0.35,88.85,260.99
703,1397/11/28,-0.07,-0.61,-22.24,-89.29
704,1397/11/27,0.07,-0.13,28.59,-36.73
705,1397/11/26,0.04,0.0,17.12,0.0
706,1397/11/25,0.05,0.0,17.89,0.0
707,1397/11/24,0.05,-0.42,20.3,-78.43
708,1397/11/23,0.06,-0.31,22.24,-68.07
709,1397/11/22,0.05,0.0,18.3,0.0
710,1397/11/21,0.1,-0.04,41.67,-14.37
711,1397/11/20,0.04,0.0,17.73,0.0
712,1397/11/19,0.04,0.0,17.74,0.0
713,1397/11/18,0.05,0.0,18.39,0.0
714,1397/11/17,0.04,0.09,17.21,38.48
715,1397/11/16,0.07,0.22,29.25,124.35
716,1397/11/15,0.05,0.44,20.07,392.35
717,1397/11/14,0.06,-1.56,26.05,-99.68
718,1397/11/13,0.06,-0.27,26.02,-63.29
719,1397/11/12,0.05,0.0,18.37,0.0
721,1397/11/11,0.05,0.0,18.56,0.0
722,1397/11/10,0.06,0.09,22.64,38.14
723,1397/11/09,0.06,0.21,22.74,114.66
724,1397/11/08,0.06,-0.61,22.49,-89.26
725,1397/11/07,0.05,-1.03,19.64,-97.75
726,1397/11/06,0.08,-0.28,32.58,-64.63
727,1397/11/05,0.05,0.0,18.32,0.0
728,1397/11/04,0.05,0.0,18.72,0.0
729,1397/11/03,0.05,0.08,21.44,35.38
730,1397/11/02,0.05,0.55,22.08,628.66
731,1397/11/01,0.05,-2.21,21.82,-99.97
732,1397/10/30,0.02,-0.33,9.0,-70.58
733,1397/10/29,0.1,0.32,42.42,225.36
734,1397/10/28,0.05,0.0,18.03,0.0
735,1397/10/27,0.05,0.0,19.45,0.0
736,1397/10/26,0.01,0.09,2.74,39.04
737,1397/10/25,0.06,0.45,22.69,424.05
738,1397/10/24,0.07,0.12,29.05,56.74
739,1397/10/23,0.07,-0.26,30.24,-61.95
741,1397/10/22,0.08,0.06,34.08,24.9
742,1397/10/21,0.05,0.0,18.11,0.0
743,1397/10/20,0.05,0.0,18.2,0.0
744,1397/10/19,0.02,0.53,8.27,578.28
745,1397/10/18,0.05,1.01,19.12,3852.97
746,1397/10/17,0.09,0.65,41.05,963.07
747,1397/10/16,0.02,0.1,6.38,46.41
748,1397/10/15,0.09,0.13,37.82,60.46
749,1397/10/14,0.05,0.0,18.61,0.0
750,1397/10/13,0.05,0.0,18.36,0.0
751,1397/10/12,0.02,-0.58,6.36,-88.12
752,1397/10/11,0.12,0.27,53.49,167.37
753,1397/10/10,0.05,0.06,18.91,24.12
754,1397/10/09,0.04,0.33,16.91,236.8
755,1397/10/08,0.07,1.47,30.48,20526.2
756,1397/10/07,0.05,0.0,18.34,0.0
757,1397/10/06,0.05,0.0,19.21,0.0
758,1397/10/05,0.06,0.95,24.55,3070.82
759,1397/10/04,0.02,-0.34,7.71,-71.03
760,1397/10/03,0.09,0.5,39.94,527.25
761,1397/10/02,0.04,1.39,17.62,15147.81
762,1397/10/01,0.06,-0.98,26.63,-97.27
763,1397/09/30,0.05,0.0,18.23,0.0
764,1397/09/29,0.04,0.0,17.64,0.0
765,1397/09/28,0.18,-1.92,93.98,-99.92
766,1397/09/27,0.08,-0.38,32.07,-74.88
767,1397/09/26,0.09,-1.21,39.35,-98.83
768,1397/09/25,-0.01,-1.69,-4.03,-99.8
769,1397/09/24,0.1,-0.52,43.16,-85.3
770,1397/09/23,0.05,0.0,18.67,0.0
771,1397/09/22,0.05,0.0,18.21,0.0
772,1397/09/21,0.26,-0.53,156.73,-85.68
773,1397/09/20,0.19,-0.41,102.79,-77.51
774,1397/09/19,0.06,0.01,24.21,5.55
775,1397/09/18,0.08,-0.11,31.96,-34.27
776,1397/09/17,0.12,0.13,52.95,62.86
777,1397/09/16,0.05,0.0,18.79,0.0
778,1397/09/15,0.05,0.0,18.5,0.0
779,1397/09/14,0.19,0.7,103.57,1171.62
781,1397/09/13,-0.04,-0.36,-13.43,-73.43
782,1397/09/12,0.19,1.94,96.84,111287.55
783,1397/09/11,0.21,2.05,115.04,167477.65
784,1397/09/10,-0.25,-2.39,-60.35,-99.99
785,1397/09/09,0.05,0.0,18.57,0.0
786,1397/09/08,0.05,0.0,18.93,0.0
787,1397/09/07,-0.14,-2.05,-40.95,-99.95
788,1397/09/06,0.11,0.44,51.35,400.75
789,1397/09/05,-0.2,-2.8,-51.2,-100.0
790,1397/09/04,0.05,0.0,18.85,0.0
791,1397/09/03,-0.13,-2.54,-37.93,-99.99
792,1397/09/02,0.05,0.0,18.44,0.0
793,1397/09/01,0.05,0.0,18.8,0.0
794,1397/08/30,0.4,-0.42,333.7,-78.68
795,1397/08/29,0.14,0.37,66.87,278.47
796,1397/08/28,0.11,1.3,48.1,11112.84
797,1397/08/27,-0.2,-2.94,-52.63,-100.0
798,1397/08/26,-0.16,-1.74,-45.05,-99.84
799,1397/08/25,0.05,0.0,18.07,0.0
801,1397/08/24,0.05,0.0,18.07,0.0
802,1397/08/23,-0.06,-0.66,-18.22,-91.23
803,1397/08/22,0.08,0.55,35.55,637.89
804,1397/08/21,0.15,0.85,75.96,2130.62
805,1397/08/20,-0.16,-1.93,-43.92,-99.92
806,1397/08/19,0.06,-0.47,24.43,-82.06
807,1397/08/18,0.05,0.0,17.97,0.0
808,1397/08/17,0.05,0.0,17.94,0.0
809,1397/08/16,0.05,0.0,18.37,0.0
810,1397/08/15,0.2,0.51,103.67,542.05
811,1397/08/14,0.18,0.68,94.14,1080.27
812,1397/08/13,-0.04,-0.29,-15.02,-65.23
813,1397/08/12,0.07,0.04,26.9,17.6
814,1397/08/11,0.05,0.0,18.03,0.0
815,1397/08/10,0.05,0.0,18.26,0.0
816,1397/08/09,0.18,0.08,94.8,34.23
817,1397/08/08,0.05,0.0,18.35,0.0
818,1397/08/07,0.31,1.44,210.52,18058.35
819,1397/08/06,0.13,1.0,60.19,3656.88
820,1397/08/05,-0.14,-1.23,-39.83,-98.89
821,1397/08/04,0.05,0.0,18.29,0.0
822,1397/08/03,0.04,0.0,16.49,0.0
823,1397/08/02,-0.01,-2.3,-4.22,-99.98
824,1397/08/01,-0.07,-1.31,-22.5,-99.19
825,1397/07/30,-0.17,-0.88,-45.99,-95.97
826,1397/07/29,0.1,0.46,44.95,428.65
827,1397/07/28,0.08,3.09,36.02,6593616.47
828,1397/07/27,0.05,0.0,18.01,0.0
829,1397/07/26,0.05,0.0,19.04,0.0
830,1397/07/25,0.06,0.05,23.68,20.88
831,1397/07/24,-0.26,1.24,-61.93,8763.23
832,1397/07/23,1.58,3.3,30009.96,14180238.96
833,1397/07/22,-0.04,-0.12,-13.87,-35.02
834,1397/07/21,-0.29,-3.31,-64.97,-100.0
835,1397/07/20,0.04,0.0,17.76,0.0
836,1397/07/19,0.05,0.0,18.11,0.0
837,1397/07/18,-0.99,0.09,-97.39,40.37
838,1397/07/17,0.28,3.23,180.52,11024487.52
839,1397/07/16,0.72,-0.7,1281.37,-92.28
841,1397/07/15,-0.67,-4.16,-91.42,-100.0
842,1397/07/14,0.56,-0.79,677.49,-94.56
843,1397/07/13,0.04,0.0,17.03,0.0
844,1397/07/12,0.05,0.0,18.06,0.0
845,1397/07/11,-0.16,-1.43,-43.37,-99.49
846,1397/07/10,-1.22,-3.69,-98.88,-100.0
847,1397/07/09,0.06,0.19,24.0,101.98
848,1397/07/08,0.42,4.11,358.31,240513036.67
849,1397/07/07,0.47,3.75,458.93,68042973.38
850,1397/07/06,0.05,0.0,19.75,0.0
851,1397/07/05,0.04,0.0,17.48,0.0
852,1397/07/04,0.28,3.45,174.68,23473757.96
853,1397/07/03,0.03,3.55,10.91,34389052.55
854,1397/07/02,0.18,2.15,90.4,237237.55
855,1397/07/01,0.29,2.82,191.56,2598412.31
856,1397/06/31,0.01,2.04,5.62,158859.62
857,1397/06/30,0.04,0.0,16.0,0.0
858,1397/06/29,-0.13,0.0,-36.77,0.0
859,1397/06/28,0.04,0.0,16.11,0.0
861,1397/06/27,0.1,-0.47,41.93,-82.1
862,1397/06/26,-0.29,1.52,-65.14,24233.2
863,1397/06/25,-0.05,-1.52,-16.78,-99.63
864,1397/06/24,0.02,1.97,6.74,124608.24
865,1397/06/23,0.05,0.0,18.17,0.0
866,1397/06/22,0.05,0.0,19.71,0.0
867,1397/06/21,0.4,4.36,329.81,589581191.4
868,1397/06/20,0.08,1.07,33.51,4838.37
869,1397/06/19,0.32,3.35,222.41,16696996.2
870,1397/06/18,0.23,1.87,131.11,85207.64
871,1397/06/17,0.26,1.39,158.18,15337.09
872,1397/06/16,0.05,0.0,18.58,0.0
873,1397/06/15,0.05,0.0,19.23,0.0
874,1397/06/14,0.07,-0.2,28.95,-51.03
875,1397/06/13,0.2,2.02,106.67,145473.71
876,1397/06/12,0.09,1.18,37.65,7220.69
877,1397/06/11,-0.11,-1.79,-33.17,-99.86
878,1397/06/10,-0.04,-0.99,-13.19,-97.36
879,1397/06/09,0.05,0.0,18.77,0.0
880,1397/06/08,0.05,0.0,18.91,0.0
881,1397/06/07,0.14,0.52,66.8,555.64
882,1397/06/06,-0.13,-2.53,-37.03,-99.99
883,1397/06/05,0.16,1.25,78.61,9079.0
884,1397/06/04,0.13,1.64,63.28,38114.45
885,1397/06/03,0.12,-0.41,55.19,-78.03
886,1397/06/02,0.05,0.0,18.96,0.0
887,1397/06/01,0.05,0.0,18.97,0.0
888,1397/05/31,0.05,0.0,18.94,0.0
889,1397/05/30,-0.55,-0.12,-86.59,-35.11
890,1397/05/29,0.2,2.02,110.84,149519.13
891,1397/05/28,0.21,2.14,118.39,229667.97
892,1397/05/27,0.08,0.81,35.44,1811.3
893,1397/05/26,0.05,0.0,18.64,0.0
894,1397/05/25,0.05,0.0,18.53,0.0
895,1397/05/24,0.01,-0.34,3.17,-71.6
896,1397/05/23,0.13,1.87,59.51,86760.44
897,1397/05/22,0.07,-1.06,29.8,-97.97
898,1397/05/21,-0.13,0.69,-36.81,1123.09
899,1397/05/20,-0.14,-1.91,-40.62,-99.91
901,1397/05/19,0.05,0.0,18.27,0.0
902,1397/05/18,0.05,0.0,19.17,0.0
903,1397/05/17,0.0,-1.54,1.74,-99.66
904,1397/05/16,0.1,0.19,43.03,101.47
905,1397/05/15,0.23,3.8,127.91,81500337.54
906,1397/05/14,0.23,3.29,127.51,13648783.53
907,1397/05/13,0.06,0.32,25.98,226.44
908,1397/05/12,0.05,0.0,19.05,0.0
909,1397/05/11,0.05,0.0,21.19,0.0
910,1397/05/10,0.15,2.29,75.29,391488.51
911,1397/05/09,0.25,3.78,152.05,76225315.31
912,1397/05/08,0.13,2.55,59.51,992952.49
913,1397/05/07,0.08,1.76,36.2,59187.85
914,1397/05/06,0.17,2.83,86.05,2642214.35
915,1397/05/05,0.05,0.0,19.33,0.0
916,1397/05/04,0.05,0.0,19.95,0.0
917,1397/05/03,0.07,0.37,30.6,289.05
918,1397/05/02,0.03,-0.24,10.64,-58.7
919,1397/05/01,0.01,-0.16,3.76,-43.84
920,1397/04/31,0.0,0.0,0.0,0.0
921,1397/04/31,1.68,0.49,43999.31,504.72
922,1397/04/30,0.09,0.48,39.72,477.4
923,1397/04/29,0.05,0.0,18.86,0.0
924,1397/04/28,0.05,0.0,18.99,0.0
925,1397/04/27,0.28,0.0,181.21,-1.37
926,1397/04/26,0.0,-0.3,-1.33,-67.17
927,1397/04/25,0.01,0.03,2.6,13.59
928,1397/04/24,0.0,-0.78,1.27,-94.16
929,1397/04/23,0.02,-0.54,6.14,-86.01
930,1397/04/22,0.05,0.0,19.5,0.0
931,1397/04/21,0.05,0.0,19.42,0.0
932,1397/04/20,-0.06,-1.21,-19.12,-98.83
933,1397/04/19,0.02,0.0,8.04,-0.81
934,1397/04/18,0.05,0.0,19.34,0.0
935,1397/04/17,0.04,-0.18,17.0,-48.24
936,1397/04/16,0.01,-1.28,3.8,-99.09
937,1397/04/15,0.05,0.0,19.36,0.0
938,1397/04/14,0.05,0.0,19.59,0.0
939,1397/04/13,0.05,0.13,20.16,59.36
940,1397/04/12,0.15,2.19,71.09,273157.77
941,1397/04/11,0.14,1.14,69.49,6245.57
942,1397/04/10,-0.13,-2.54,-38.73,-99.99
943,1397/04/09,0.07,0.18,27.03,94.68
944,1397/04/08,0.05,0.0,19.31,0.0
945,1397/04/07,0.04,0.0,17.17,0.0
946,1397/04/06,-0.03,-1.94,-9.71,-99.92
947,1397/04/05,-0.04,-1.43,-13.87,-99.48
948,1397/04/04,0.19,2.78,102.53,2206751.03
949,1397/04/03,0.17,2.43,84.94,642562.66
950,1397/04/02,0.07,0.49,30.45,485.73
951,1397/04/01,0.05,0.0,19.62,0.0
952,1397/03/31,0.05,0.0,19.89,0.0
953,1397/03/30,-0.06,2.22,-19.12,306801.92
954,1397/03/29,0.1,1.89,42.31,91179.89
955,1397/03/28,0.11,2.03,47.03,153972.35
956,1397/03/27,0.19,3.33,100.05,15836736.06
957,1397/03/26,0.05,0.0,19.37,0.0
958,1397/03/25,0.05,0.0,20.42,0.0
959,1397/03/24,0.05,0.0,19.43,0.0
961,1397/03/23,0.18,2.87,91.25,3074421.5
962,1397/03/22,0.07,0.55,27.88,651.94
963,1397/03/21,0.05,-0.07,19.58,-22.96
964,1397/03/20,0.05,-0.17,19.16,-45.81
965,1397/03/19,0.06,0.08,22.49,34.65
966,1397/03/18,0.05,0.0,19.4,0.0
967,1397/03/17,0.05,0.0,19.41,0.0
968,1397/03/16,0.05,0.0,19.38,0.0
969,1397/03/15,0.05,0.0,19.39,0.0
970,1397/03/14,0.05,0.0,19.4,0.0
971,1397/03/13,0.05,0.05,19.97,19.54
972,1397/03/12,0.06,0.39,24.33,316.37
973,1397/03/11,0.05,0.0,19.56,0.0
974,1397/03/10,0.05,0.0,19.4,0.0
975,1397/03/09,0.05,0.18,20.19,90.1
976,1397/03/08,0.03,-0.13,12.3,-36.79
977,1397/03/07,0.04,-0.1,14.57,-30.8
978,1397/03/06,0.05,-0.18,19.13,-47.31
979,1397/03/05,0.07,0.37,29.03,278.86
980,1397/03/04,0.05,0.0,19.37,0.0
981,1397/03/03,0.05,0.0,19.91,0.0
982,1397/03/02,0.06,0.23,25.1,127.88
983,1397/03/01,0.05,0.0,18.19,0.95
984,1397/02/31,0.02,0.1,9.29,41.76
985,1397/02/30,0.05,0.04,22.01,13.65
986,1397/02/29,0.06,0.17,26.23,86.94
987,1397/02/28,0.05,0.0,19.47,0.0
988,1397/02/27,0.05,0.0,19.61,0.0
989,1397/02/26,0.06,0.04,24.2,14.11
990,1397/02/25,0.06,0.21,22.52,118.04
991,1397/02/24,0.08,0.57,35.23,698.83
992,1397/02/23,0.07,0.29,28.08,190.48
993,1397/02/22,0.05,0.21,21.91,117.75
994,1397/02/21,0.05,0.0,19.52,0.0
995,1397/02/20,0.05,0.0,19.53,0.0
996,1397/02/19,0.03,0.09,12.28,39.43
997,1397/02/18,0.07,0.47,26.82,458.19
998,1397/02/17,0.08,0.34,35.0,245.59
999,1397/02/16,0.03,-0.27,11.17,-62.63
1001,1397/02/15,0.01,-0.55,5.32,-86.46
1002,1397/02/14,0.05,0.0,19.63,0.0
1003,1397/02/13,0.05,0.0,19.47,0.0
1004,1397/02/12,0.05,0.0,19.57,0.0
1005,1397/02/11,0.04,0.03,17.0,10.33
1006,1397/02/10,0.04,-0.23,13.82,-57.33
1007,1397/02/09,0.03,-0.51,10.96,-84.41
1008,1397/02/08,0.03,-0.54,12.18,-86.13
1009,1397/02/07,0.05,0.0,19.48,0.0
1010,1397/02/06,0.05,0.0,19.97,0.0
1011,1397/02/05,0.06,0.23,26.44,133.32
1012,1397/02/04,0.06,0.29,24.9,191.52
1013,1397/02/03,0.03,-0.21,13.37,-52.9
1014,1397/02/02,0.03,-0.81,10.35,-94.86
1015,1397/02/01,0.04,-0.27,17.8,-62.74
1016,1397/01/31,0.18,0.0,93.08,0.0
1017,1397/01/30,0.05,0.0,19.46,0.0
1018,1397/01/29,0.05,0.0,22.21,0.45
1019,1397/01/28,0.04,0.02,14.51,6.5
1021,1397/01/27,0.02,-0.5,9.55,-84.04
1022,1397/01/26,0.05,-0.31,18.51,-67.92
1023,1397/01/25,0.05,0.0,19.72,0.0
1024,1397/01/24,0.05,0.0,19.51,0.0
1025,1397/01/23,0.05,0.0,19.53,0.0
1026,1397/01/22,0.04,-0.48,15.25,-82.5
1027,1397/01/21,0.06,-0.38,23.14,-75.43
1028,1397/01/20,0.06,0.81,26.08,1794.13
1029,1397/01/19,0.01,-0.45,5.58,-80.95
1030,1397/01/18,0.02,-0.38,9.35,-75.23
1031,1397/01/17,0.05,0.0,19.49,0.0
1032,1397/01/16,0.05,0.0,19.59,0.0
1033,1397/01/15,0.06,0.07,23.97,27.39
1034,1397/01/14,0.03,0.15,13.44,74.05
1035,1397/01/13,0.05,0.0,19.53,0.0
1036,1397/01/12,0.05,0.0,19.37,0.0
1037,1397/01/11,0.05,0.0,19.42,0.0
1038,1397/01/10,0.05,0.0,19.35,0.0
1039,1397/01/09,0.05,0.0,19.4,0.0
1040,1397/01/08,0.07,0.35,30.87,263.6
1041,1397/01/07,0.06,0.11,24.39,49.82
1042,1397/01/06,0.05,0.07,22.12,27.31
1043,1397/01/05,0.05,0.14,19.28,67.34
1044,1397/01/04,0.05,0.0,19.55,0.0
1045,1397/01/03,0.05,0.0,19.56,0.0
1046,1397/01/02,0.05,0.0,19.48,0.0
1047,1397/01/01,0.05,0.0,19.1,0.0
1048,1396/12/29,0.06,0.0,25.64,0.0
1049,1396/12/28,0.11,0.49,47.16,497.35
1050,1396/12/27,0.04,0.25,14.4,151.96
1051,1396/12/26,0.04,0.05,15.23,21.71
1052,1396/12/25,0.05,0.0,19.48,0.0
1053,1396/12/24,0.05,0.0,20.05,0.0
1054,1396/12/23,0.05,-0.82,19.06,-95.02
1055,1396/12/22,0.05,0.12,20.63,57.45
1056,1396/12/21,0.07,0.17,31.45,87.83
1057,1396/12/20,0.04,-0.59,15.41,-88.3
1058,1396/12/19,0.03,-0.27,13.59,-63.32
1059,1396/12/18,0.05,0.0,19.38,0.0
1061,1396/12/17,0.08,0.0,33.34,0.0
1062,1396/12/16,0.05,-0.13,21.19,-38.87
1063,1396/12/15,0.04,-0.2,15.49,-51.35
1064,1396/12/14,0.04,-0.18,13.92,-47.5
1065,1396/12/13,0.03,-0.04,13.18,-12.09
1066,1396/12/12,0.03,-0.58,9.9,-88.25
1067,1396/12/11,0.05,0.0,19.57,0.0
1068,1396/12/10,0.05,0.0,19.8,0.0
1069,1396/12/09,0.03,-0.14,13.49,-40.42
1070,1396/12/08,0.04,0.0,16.51,0.87
1071,1396/12/07,0.03,0.02,11.62,7.02
1072,1396/12/06,0.03,-0.1,13.51,-30.19
1073,1396/12/05,0.05,0.02,19.15,7.56
1074,1396/12/04,0.05,0.0,20.12,0.0
1075,1396/12/03,0.05,0.0,19.91,0.0
1076,1396/12/02,0.05,0.01,18.4,3.32
1077,1396/12/01,0.05,0.0,20.19,0.0
1078,1396/11/30,0.02,-0.15,5.82,-43.18
1079,1396/11/29,0.05,-0.13,20.01,-38.05
1081,1396/11/28,0.06,0.08,23.16,35.44
1082,1396/11/27,0.05,0.0,19.78,0.0
1083,1396/11/26,0.05,0.0,19.74,0.0
1084,1396/11/25,0.06,0.25,26.42,148.13
1085,1396/11/24,0.05,0.18,20.47,94.49
1086,1396/11/23,0.05,0.15,19.0,69.84
1087,1396/11/22,0.05,0.0,19.01,0.0
1088,1396/11/21,0.01,-0.53,4.54,-85.41
1089,1396/11/20,0.05,0.0,19.06,0.0
1090,1396/11/19,0.05,0.0,19.03,0.0
1091,1396/11/18,0.05,0.38,20.39,299.41
1092,1396/11/17,0.02,-0.11,8.2,-32.63
1093,1396/11/16,0.06,0.23,25.89,131.64
1094,1396/11/15,0.15,0.09,70.84,39.61
1095,1396/11/14,0.03,-0.42,12.73,-78.68
1096,1396/11/13,0.05,0.0,19.54,0.0
1097,1396/11/12,0.05,0.0,19.51,0.0
1098,1396/11/11,0.03,-0.43,10.57,-79.3
1099,1396/11/10,0.02,-0.49,6.2,-83.53
1101,1396/11/09,0.01,-0.37,4.95,-74.21
1102,1396/11/08,0.05,0.06,18.85,24.19
1103,1396/11/07,0.04,-0.17,17.62,-45.75
1104,1396/11/06,0.05,0.0,19.51,0.0
1105,1396/11/05,0.05,0.0,19.52,0.0
1106,1396/11/04,0.07,0.3,27.15,198.11
1107,1396/11/03,0.08,0.6,33.0,802.83
1108,1396/11/02,0.07,0.41,26.82,352.93
1109,1396/11/01,0.02,-0.6,6.96,-89.02
1110,1396/10/30,0.05,-0.11,18.85,-32.45
1111,1396/10/29,0.05,0.0,19.81,0.0
1112,1396/10/28,0.05,0.0,19.86,0.0
1113,1396/10/27,0.06,0.33,25.47,234.38
1114,1396/10/26,0.07,0.67,30.08,1030.26
1115,1396/10/25,0.05,0.74,22.1,1352.18
1116,1396/10/24,0.07,0.62,27.09,861.81
1117,1396/10/23,0.07,0.46,27.53,432.15
1118,1396/10/22,0.05,0.0,19.77,0.0
1119,1396/10/21,0.05,0.0,20.04,0.0
1120,1396/10/20,0.05,0.04,21.46,14.95
1121,1396/10/19,0.04,-0.19,17.55,-50.1
1122,1396/10/18,0.07,0.1,27.24,45.0
1123,1396/10/17,0.06,-0.04,26.42,-12.71
1124,1396/10/16,0.07,0.36,27.74,265.06
1125,1396/10/15,0.05,0.0,19.45,0.0
1126,1396/10/14,0.05,0.0,19.94,0.0
1127,1396/10/13,0.03,-0.32,12.51,-69.41
1128,1396/10/12,0.04,0.03,17.48,13.46
1129,1396/10/11,0.09,0.68,38.74,1071.32
1130,1396/10/10,-0.07,-1.7,-21.79,-99.81
1131,1396/10/09,0.02,-0.7,6.65,-92.37
1132,1396/10/08,0.05,0.0,20.06,0.0
1133,1396/10/07,0.05,0.0,19.99,0.0
1134,1396/10/06,0.06,-0.26,24.4,-61.11
1135,1396/10/05,0.05,-0.21,20.05,-53.41
1136,1396/10/04,0.09,0.85,36.42,2096.94
1137,1396/10/03,0.09,0.74,40.51,1357.61
1138,1396/10/02,0.09,1.37,40.86,14194.98
1139,1396/10/01,0.05,0.0,20.08,0.0
1141,1396/09/30,0.05,0.0,20.18,0.0
1142,1396/09/29,0.05,-0.09,19.58,-26.88
1143,1396/09/28,0.04,0.12,16.81,54.11
1144,1396/09/27,0.04,-0.13,17.2,-37.58
1145,1396/09/26,0.11,1.05,50.1,4443.06
1146,1396/09/25,0.1,1.42,44.97,16957.54
1147,1396/09/24,0.05,0.0,19.92,0.0
1148,1396/09/23,0.05,0.0,20.06,0.0
1149,1396/09/22,0.07,0.71,29.32,1208.09
1150,1396/09/21,0.08,1.18,33.94,7028.89
1151,1396/09/20,0.06,0.39,25.33,310.44
1152,1396/09/19,0.04,0.04,17.73,16.71
1153,1396/09/18,0.04,0.07,17.27,31.36
1154,1396/09/17,0.05,0.0,19.96,0.0
1155,1396/09/16,0.05,0.0,19.91,0.0
1156,1396/09/15,0.05,0.0,19.5,0.0
1157,1396/09/14,0.1,0.17,43.77,86.64
1158,1396/09/13,0.05,-0.02,18.93,-5.92
1159,1396/09/12,0.04,-0.38,15.11,-74.88
1161,1396/09/11,0.04,0.16,15.03,78.28
1162,1396/09/10,0.05,0.0,19.95,0.0
1163,1396/09/09,0.05,0.0,19.74,0.0
1164,1396/09/08,0.04,-0.11,15.39,-33.78
1165,1396/09/07,0.07,0.66,26.97,1009.61
1166,1396/09/06,0.05,0.0,19.95,0.0
1167,1396/09/05,0.05,0.21,21.66,111.63
1168,1396/09/04,0.09,1.27,40.45,9742.88
1169,1396/09/03,0.05,0.0,19.77,0.0
1170,1396/09/02,0.05,0.0,19.83,0.0
1171,1396/09/01,0.08,0.64,31.86,911.09
1172,1396/08/30,0.06,0.58,26.46,730.6
1173,1396/08/29,0.05,0.07,18.83,27.59
1174,1396/08/28,0.05,0.0,19.97,0.0
1175,1396/08/27,0.06,0.22,25.0,125.61
1176,1396/08/26,0.05,0.0,19.9,0.0
1177,1396/08/25,0.05,0.0,19.83,0.0
1178,1396/08/24,0.05,0.06,20.63,26.21
1179,1396/08/23,0.07,0.13,30.64,62.76
1180,1396/08/22,0.05,0.1,19.6,44.06
1181,1396/08/21,0.05,-0.06,18.44,-18.94
1182,1396/08/20,0.05,-0.12,18.45,-34.6
1183,1396/08/19,0.05,0.0,19.72,0.0
1184,1396/08/18,0.05,0.0,19.95,0.0
1185,1396/08/17,0.06,0.02,23.15,6.12
1186,1396/08/16,0.04,0.04,15.49,17.78
1187,1396/08/15,0.1,-0.07,41.74,-22.51
1188,1396/08/14,0.06,0.04,23.9,16.37
1189,1396/08/13,0.05,0.03,21.01,10.35
1190,1396/08/12,0.05,0.0,19.98,0.0
1191,1396/08/11,0.05,0.0,19.99,0.0
1192,1396/08/10,0.06,0.22,25.21,125.05
1193,1396/08/09,0.07,0.2,28.85,105.42
1194,1396/08/08,0.06,0.07,24.53,28.78
1195,1396/08/07,0.07,0.55,30.39,649.9
1196,1396/08/06,0.05,0.34,21.36,251.08
1197,1396/08/05,0.05,0.0,19.89,0.0
1198,1396/08/04,0.05,0.0,19.99,0.0
1199,1396/08/03,0.04,0.12,16.66,57.39
1201,1396/08/02,0.04,0.21,15.33,116.57
1202,1396/08/01,0.05,-0.15,18.81,-43.22
1203,1396/07/30,0.03,0.06,13.52,23.35
1204,1396/07/29,0.07,0.77,29.58,1558.58
1205,1396/07/28,0.05,0.0,19.88,0.0
1206,1396/07/27,0.05,0.0,19.85,0.0
1207,1396/07/26,0.05,0.13,18.99,58.39
1208,1396/07/25,0.05,0.08,21.09,34.37
1209,1396/07/24,0.06,0.23,23.24,130.7
1210,1396/07/23,0.06,0.15,22.4,75.35
1211,1396/07/22,0.07,0.61,26.91,830.64
1212,1396/07/21,0.05,0.0,19.87,0.0
1213,1396/07/20,0.05,0.0,19.8,0.0
1214,1396/07/19,0.05,0.01,18.2,4.27
1215,1396/07/18,0.06,0.15,24.45,69.78
1216,1396/07/17,0.06,0.06,24.15,22.33
1217,1396/07/16,0.03,-0.59,12.96,-88.6
1218,1396/07/15,0.03,-0.42,10.31,-78.59
1219,1396/07/14,0.05,0.0,19.82,0.0
1221,1396/07/13,0.05,0.0,20.39,0.0
1222,1396/07/12,0.06,0.09,23.65,37.5
1223,1396/07/11,0.04,-0.19,16.32,-49.5
1224,1396/07/10,0.03,-0.35,11.01,-72.63
1225,1396/07/09,0.05,0.0,20.21,0.0
1226,1396/07/08,0.05,0.0,20.14,0.0
1227,1396/07/07,0.05,0.0,20.19,0.0
1228,1396/07/06,0.05,0.0,20.12,0.0
1229,1396/07/05,0.06,0.22,22.67,124.76
1230,1396/07/04,0.05,0.13,18.67,61.17
1231,1396/07/03,0.05,-0.08,21.99,-26.42
1232,1396/07/02,0.03,-0.24,13.49,-59.05
1233,1396/07/01,0.05,-0.04,19.3,-13.24
1234,1396/06/31,0.05,0.0,19.83,0.0
1235,1396/06/30,0.05,0.0,20.15,0.0
1236,1396/06/29,0.09,0.57,37.75,701.01
1237,1396/06/28,0.08,1.1,32.45,5341.64
1238,1396/06/27,0.07,0.59,27.11,766.45
1239,1396/06/26,0.06,0.28,23.35,176.38
1240,1396/06/25,0.06,0.19,26.73,100.56
1241,1396/06/24,0.05,0.0,20.5,0.0
1242,1396/06/23,0.05,0.0,20.91,0.0
1243,1396/06/22,0.04,0.07,15.67,26.95
1244,1396/06/21,0.06,0.12,23.83,54.96
1245,1396/06/20,0.04,0.14,17.17,64.35
1246,1396/06/19,0.03,-0.5,11.75,-84.04
1247,1396/06/18,0.05,0.0,20.91,0.0
1248,1396/06/17,0.05,0.0,20.84,0.0
1249,1396/06/16,0.05,0.0,21.12,0.0
1250,1396/06/15,0.06,-0.07,23.21,-22.42
1251,1396/06/14,0.11,0.34,48.94,241.68
1252,1396/06/13,0.06,0.13,24.77,59.66
1253,1396/06/12,0.03,-0.1,12.82,-30.46
1254,1396/06/11,0.05,0.19,21.12,97.41
1255,1396/06/10,0.05,0.0,20.91,0.0
1256,1396/06/09,0.02,0.0,6.9,0.0
1257,1396/06/08,0.06,0.03,22.38,9.59
1258,1396/06/07,0.07,0.29,27.49,186.71
1259,1396/06/06,0.06,0.15,23.12,74.94
1261,1396/06/05,0.03,-0.01,10.8,-5.19
1262,1396/06/04,0.07,0.43,27.62,379.6
1263,1396/06/03,0.05,0.0,20.99,0.0
1264,1396/06/02,0.05,0.0,21.18,0.0
1265,1396/06/01,0.06,0.21,26.16,111.67
1266,1396/05/31,0.06,0.36,24.36,274.41
1267,1396/05/30,0.05,0.07,21.22,29.9
1268,1396/05/29,0.06,0.07,22.47,31.38
1269,1396/05/28,0.06,0.26,22.44,158.54
1270,1396/05/27,0.05,0.0,20.6,0.0
1271,1396/05/26,0.05,0.0,20.79,0.0
1272,1396/05/25,0.05,0.06,19.06,22.59
1273,1396/05/24,0.05,0.05,18.42,17.98
1274,1396/05/23,0.05,0.0,18.08,-0.98
1275,1396/05/22,0.04,-0.12,15.46,-36.48
1276,1396/05/21,0.06,0.23,22.75,127.38
1277,1396/05/20,0.05,0.0,20.37,0.0
1278,1396/05/19,0.05,0.0,20.64,0.0
1279,1396/05/18,0.05,0.33,19.6,228.5
1280,1396/05/17,0.04,0.03,16.22,13.49
1281,1396/05/16,0.04,-0.12,17.5,-35.7
1282,1396/05/15,0.04,0.15,17.42,69.98
1283,1396/05/14,0.05,0.0,20.98,0.0
1284,1396/05/13,0.05,0.0,20.91,0.0
1285,1396/05/12,0.05,0.0,21.4,0.0
1286,1396/05/11,0.05,-0.18,20.5,-48.99
1287,1396/05/10,0.04,-0.14,16.33,-40.95
1288,1396/05/09,0.05,0.05,20.69,20.75
1289,1396/05/08,0.06,0.09,23.52,37.15
1290,1396/05/07,0.05,-0.11,20.28,-32.7
1291,1396/05/06,0.05,0.0,20.9,0.0
1292,1396/05/05,0.05,0.0,21.31,0.0
1293,1396/05/04,0.04,0.4,13.72,334.89
1294,1396/05/03,0.04,0.31,15.38,205.22
1295,1396/05/02,0.04,0.09,17.24,37.7
1296,1396/05/01,0.07,0.24,26.91,138.36
1297,1396/04/31,0.06,0.63,23.44,904.52
1298,1396/04/30,0.05,0.0,20.76,0.0
1299,1396/04/29,0.05,0.0,21.65,0.0
1301,1396/04/28,0.06,0.54,24.66,601.82
1302,1396/04/27,0.06,0.05,22.83,21.65
1303,1396/04/26,0.05,0.09,20.2,39.15
1304,1396/04/25,0.03,-0.05,9.62,-16.02
1305,1396/04/24,0.05,0.19,20.83,98.32
1306,1396/04/23,0.05,0.0,21.11,0.0
1307,1396/04/22,0.05,0.0,21.12,0.0
1308,1396/04/21,0.04,0.02,17.48,9.22
1309,1396/04/20,0.08,0.14,35.42,68.38
1310,1396/04/19,0.06,0.5,22.94,508.1
1311,1396/04/18,0.08,0.13,32.88,61.6
1312,1396/04/17,0.06,0.23,22.75,131.71
1313,1396/04/16,0.05,0.0,21.6,0.0
1314,1396/04/15,0.05,0.0,21.35,0.0
1315,1396/04/14,0.07,0.09,28.32,36.91
1316,1396/04/13,0.05,-0.03,19.61,-11.66
1317,1396/04/12,0.06,-0.13,23.46,-38.86
1318,1396/04/11,0.06,-0.04,23.3,-14.73
1319,1396/04/10,0.06,0.12,23.01,55.46
1321,1396/04/09,0.05,0.0,21.52,0.0
1322,1396/04/08,0.05,0.0,22.06,0.0
1323,1396/04/07,0.06,0.05,25.47,19.83
1324,1396/04/06,0.05,0.0,21.78,0.0
1325,1396/04/05,0.06,0.0,22.72,0.0
1326,1396/04/04,0.08,0.02,31.94,6.12
1327,1396/04/03,0.06,-0.11,22.76,-32.11
1328,1396/04/02,0.05,0.0,21.44,0.0
1329,1396/04/01,0.05,0.0,21.68,0.0
1330,1396/03/31,0.06,-0.17,23.24,-45.56
1331,1396/03/30,0.05,0.01,20.78,3.91
1332,1396/03/29,0.05,-0.17,19.31,-45.49
1333,1396/03/28,0.05,-0.37,18.03,-74.3
1334,1396/03/27,0.06,-0.23,24.1,-56.44
1335,1396/03/26,0.05,0.0,21.31,0.0
1336,1396/03/25,0.05,0.0,21.46,0.0
1337,1396/03/24,0.07,0.05,30.02,19.52
1338,1396/03/23,0.05,-0.17,18.56,-46.74
1339,1396/03/22,0.03,-0.38,12.43,-75.43
1340,1396/03/21,0.05,0.02,19.09,7.1
1341,1396/03/20,0.05,0.12,22.05,55.98
1342,1396/03/19,0.05,0.0,21.35,0.0
1343,1396/03/18,0.05,0.0,21.67,0.0
1344,1396/03/17,0.02,-0.67,8.79,-91.29
1345,1396/03/16,0.05,0.01,20.17,2.11
1346,1396/03/15,0.05,0.0,21.14,0.0
1347,1396/03/14,0.05,0.0,21.77,0.0
1348,1396/03/13,0.05,-0.28,21.91,-63.89
1349,1396/03/12,0.05,0.0,21.31,0.0
1350,1396/03/11,0.05,0.0,21.41,0.0
1351,1396/03/10,0.06,0.0,22.57,0.82
1352,1396/03/09,0.05,-0.12,19.87,-35.39
1353,1396/03/08,0.06,-0.13,22.33,-37.91
1354,1396/03/07,0.05,-0.26,19.07,-60.91
1355,1396/03/06,0.05,-0.28,18.96,-63.7
1356,1396/03/05,0.05,0.0,21.26,0.0
1357,1396/03/04,0.05,0.0,21.45,0.0
1358,1396/03/03,0.05,0.03,18.99,10.31
1359,1396/03/02,0.05,0.0,20.91,0.0
1361,1396/03/01,0.04,-0.09,16.62,-26.88
1362,1396/02/31,0.05,0.14,19.84,68.82
1363,1396/02/30,0.08,0.91,31.88,2656.87
1364,1396/02/29,0.05,0.0,21.26,0.0
1365,1396/02/28,0.05,0.0,21.36,0.0
1366,1396/02/27,0.06,0.27,25.45,165.81
1367,1396/02/26,0.06,0.21,23.57,118.89
1368,1396/02/25,0.05,-0.01,21.23,-2.48
1369,1396/02/24,0.05,-0.22,18.67,-55.79
1370,1396/02/23,0.05,0.02,20.37,7.02
1371,1396/02/22,0.05,0.0,21.31,0.0
1372,1396/02/21,0.05,0.0,21.45,0.0
1373,1396/02/20,0.05,0.34,22.22,240.16
1374,1396/02/19,0.05,0.14,20.95,68.98
1375,1396/02/18,0.05,0.1,20.04,46.38
1376,1396/02/17,0.05,-0.05,20.84,-15.4
1377,1396/02/16,0.05,-0.34,20.59,-71.14
1378,1396/02/15,0.05,0.0,20.83,0.0
1379,1396/02/14,0.05,0.0,21.63,0.0
1381,1396/02/13,0.06,0.03,22.26,13.17
1382,1396/02/12,0.05,0.14,21.44,69.51
1383,1396/02/11,0.05,0.05,19.41,20.96
1384,1396/02/10,0.05,0.04,20.81,14.4
1385,1396/02/09,0.05,0.2,21.26,106.89
1386,1396/02/08,0.05,0.0,21.53,0.0
1387,1396/02/07,0.05,0.0,21.63,0.0
1388,1396/02/06,0.05,0.22,22.04,119.24
1389,1396/02/05,0.05,0.0,21.74,0.0
1390,1396/02/04,0.05,0.04,21.71,17.61
1391,1396/02/03,0.06,0.11,22.52,49.83
1392,1396/02/02,0.05,0.83,21.56,1928.91
1393,1396/02/01,0.05,0.0,21.62,0.0
1394,1396/01/31,0.05,0.0,21.63,0.0
1395,1396/01/30,0.05,0.4,21.16,325.86
1396,1396/01/29,0.05,0.12,20.82,53.77
1397,1396/01/28,0.05,-0.29,21.41,-64.81
1398,1396/01/27,0.05,0.11,21.6,50.9
1399,1396/01/26,0.05,0.32,21.39,222.27
1400,1396/01/25,0.05,0.0,21.44,0.0
1401,1396/01/24,0.05,0.0,21.5,0.0
1402,1396/01/23,0.06,0.03,22.58,12.18
1403,1396/01/22,0.05,0.0,21.57,0.0
1404,1396/01/21,0.05,0.32,21.58,218.34
1405,1396/01/20,0.05,0.07,21.07,29.85
1406,1396/01/19,0.05,0.15,21.08,71.42
1407,1396/01/18,0.05,0.0,21.36,0.0
1408,1396/01/17,0.05,0.0,21.32,0.0
1409,1396/01/16,0.05,0.06,21.82,22.28
1410,1396/01/15,0.05,0.04,20.98,15.31
1411,1396/01/14,0.05,0.04,21.77,16.46
1412,1396/01/13,0.05,0.0,21.57,0.0
1413,1396/01/12,0.05,0.0,21.54,0.0
1414,1396/01/11,0.05,0.0,21.55,0.0
1415,1396/01/10,0.05,0.0,21.56,0.0
1416,1396/01/09,0.06,0.05,22.32,18.4
1417,1396/01/08,0.05,0.03,21.81,12.6
1418,1396/01/07,0.05,0.03,21.16,10.08
1419,1396/01/06,0.06,0.02,22.27,8.39
1421,1396/01/05,0.05,0.33,21.5,234.32
1422,1396/01/04,0.05,0.0,21.38,0.0
1423,1396/01/03,0.05,0.0,21.39,0.0
1424,1396/01/02,0.05,0.0,21.4,0.0
1425,1396/01/01,0.05,0.0,21.37,0.0
1426,1395/12/30,0.05,0.0,21.34,0.0
1427,1395/12/29,0.05,0.0,21.44,0.0
1428,1395/12/28,0.06,0.64,22.87,931.07
1429,1395/12/27,0.05,0.0,21.42,0.0
1430,1395/12/26,0.05,0.0,21.48,0.0
1431,1395/12/25,0.05,0.13,21.89,60.11
1432,1395/12/24,0.05,0.4,18.88,332.78
1433,1395/12/23,0.05,0.0,21.87,1.44
1434,1395/12/22,0.05,0.02,20.56,6.62
1435,1395/12/21,0.05,0.04,21.8,15.49
1436,1395/12/20,0.05,0.0,21.64,0.0
1437,1395/12/19,0.05,0.0,21.7,0.0
1438,1395/12/18,0.05,-0.67,19.6,-91.42
1439,1395/12/17,0.05,0.01,19.65,5.21
1440,1395/12/16,0.06,0.03,24.88,11.45
1441,1395/12/15,0.05,-0.48,21.32,-82.56
1442,1395/12/14,0.05,-0.44,21.9,-79.93
1443,1395/12/13,0.05,0.0,21.83,0.0
1444,1395/12/12,0.05,0.0,21.93,0.0
1445,1395/12/11,0.05,-0.16,21.59,-45.02
1446,1395/12/10,0.05,0.01,22.0,5.6
1447,1395/12/09,0.06,0.02,22.76,7.82
1448,1395/12/08,0.05,-0.37,21.63,-74.24
1449,1395/12/07,0.05,0.02,21.64,7.94
1450,1395/12/06,0.05,0.0,21.83,0.0
1451,1395/12/05,0.05,0.0,21.89,0.0
1452,1395/12/04,0.05,0.06,21.86,24.66
1453,1395/12/03,0.05,0.13,21.96,61.42
1454,1395/12/02,0.05,0.05,22.1,20.45
1455,1395/12/01,0.05,0.08,21.63,32.28
1456,1395/11/30,0.05,0.53,22.0,589.48
1457,1395/11/29,0.05,0.0,21.61,0.0
1458,1395/11/28,0.05,0.0,21.63,0.0
1459,1395/11/27,0.05,0.25,21.64,145.27
1461,1395/11/26,0.05,0.03,20.51,12.43
1462,1395/11/25,0.06,0.19,26.72,101.68
1463,1395/11/24,0.05,0.01,20.27,5.32
1464,1395/11/23,0.04,0.03,17.01,12.08
1465,1395/11/22,0.05,0.0,21.92,0.0
1466,1395/11/21,0.05,0.0,21.89,0.0
1467,1395/11/20,0.05,0.03,22.04,13.59
1468,1395/11/19,0.05,0.11,21.74,51.48
1469,1395/11/18,0.05,0.08,21.98,34.8
1470,1395/11/17,0.05,-0.27,21.9,-63.13
1471,1395/11/16,0.05,-0.76,21.56,-93.85
1472,1395/11/15,0.05,0.0,21.45,0.0
1473,1395/11/14,0.06,0.0,23.44,0.0
1474,1395/11/13,0.05,-0.72,22.0,-92.81
1475,1395/11/12,0.06,0.02,22.45,6.77
1476,1395/11/11,0.06,0.33,22.82,229.23
1477,1395/11/10,0.05,-0.01,21.95,-3.15
1478,1395/11/09,0.05,-0.43,21.88,-79.19
1479,1395/11/08,0.05,0.0,22.07,0.0
1481,1395/11/07,0.05,0.0,22.04,0.0
1482,1395/11/06,0.06,-0.26,22.27,-60.73
1483,1395/11/05,0.05,-1.28,21.93,-99.09
1484,1395/11/04,0.05,0.06,21.42,23.32
1485,1395/11/03,0.05,0.01,21.87,5.39
1486,1395/11/02,0.06,-0.22,22.59,-55.44
1487,1395/11/01,0.05,0.0,21.94,0.0
1488,1395/10/30,0.05,0.0,21.91,0.0
1489,1395/10/29,0.05,0.13,21.17,59.74
1490,1395/10/28,0.05,0.25,21.49,147.04
1491,1395/10/27,0.06,0.01,22.97,5.21
1492,1395/10/26,0.05,0.25,20.51,148.55
1493,1395/10/25,0.05,0.32,20.96,224.86
1494,1395/10/24,0.05,0.0,22.03,0.0
1495,1395/10/23,0.05,0.0,22.09,0.0
1496,1395/10/22,0.05,0.02,21.3,5.98
1497,1395/10/21,0.06,0.0,22.47,0.0
1498,1395/10/20,0.06,-0.28,22.53,-64.59
1499,1395/10/19,0.05,0.01,22.19,3.25
1500,1395/10/18,0.05,-0.21,20.08,-53.12
1501,1395/10/17,0.05,0.0,22.21,0.0
1502,1395/10/16,0.06,0.0,22.23,0.0
1503,1395/10/15,0.05,0.01,21.54,3.09
1504,1395/10/14,0.05,0.02,22.16,7.08
1505,1395/10/13,0.05,0.09,21.96,40.09
1506,1395/10/12,0.06,-1.0,22.81,-97.43
1507,1395/10/11,0.05,0.0,22.2,0.0
1508,1395/10/10,0.05,0.0,22.13,0.0
1509,1395/10/09,0.05,0.0,22.1,0.0
1510,1395/10/08,0.05,-0.14,20.8,-39.28
1511,1395/10/07,0.06,-0.21,23.01,-53.1
1512,1395/10/06,0.05,0.08,21.3,36.16
1513,1395/10/05,0.05,-0.44,20.75,-79.82
1514,1395/10/04,0.05,0.0,21.68,0.0
1515,1395/10/03,0.05,0.0,22.04,0.0
1516,1395/10/02,0.05,0.0,21.4,0.0
1517,1395/10/01,0.06,0.16,23.05,78.5
1518,1395/09/30,0.05,-0.36,22.22,-73.3
1519,1395/09/29,0.06,-0.34,22.58,-70.65
1521,1395/09/28,0.05,0.0,21.23,0.0
1522,1395/09/27,0.05,0.0,22.17,0.0
1523,1395/09/26,0.05,0.0,22.14,0.0
1524,1395/09/25,0.05,0.0,22.11,0.0
1525,1395/09/24,0.05,-0.07,21.99,-22.93
1526,1395/09/23,0.05,-0.22,21.07,-54.48
1527,1395/09/22,0.05,-0.01,21.39,-4.58
1528,1395/09/21,0.06,-0.51,22.43,-84.59
1529,1395/09/20,0.05,0.0,21.64,0.0
1530,1395/09/19,0.05,0.0,21.96,0.0
1531,1395/09/18,0.05,0.0,21.93,0.0
1532,1395/09/17,0.05,0.63,20.84,898.09
1533,1395/09/16,0.06,0.94,23.39,2894.38
1534,1395/09/15,0.05,0.02,20.32,8.3
1535,1395/09/14,0.05,0.55,21.81,639.92
1536,1395/09/13,0.05,0.0,22.0,0.0
1537,1395/09/12,0.06,0.0,22.23,0.0
1538,1395/09/11,0.05,0.0,22.2,0.0
1539,1395/09/10,0.05,0.0,22.21,0.0
1541,1395/09/09,0.05,0.0,20.35,0.0
1542,1395/09/08,0.05,0.0,22.15,0.0
1543,1395/09/07,0.06,0.3,22.92,201.37
1544,1395/09/06,0.06,0.0,23.64,0.0
1545,1395/09/05,0.05,0.0,22.15,0.0
1546,1395/09/04,0.05,0.0,22.12,0.0
1547,1395/09/03,0.05,-0.01,21.47,-3.7
1548,1395/09/02,0.05,0.16,21.57,78.06
1549,1395/09/01,0.05,0.0,22.2,0.0
1550,1395/08/30,0.05,0.0,22.08,0.0
1551,1395/08/29,0.05,0.0,20.82,0.0
1552,1395/08/28,0.05,0.0,21.98,0.0
1553,1395/08/27,0.05,0.0,21.99,0.0
1554,1395/08/26,0.05,0.04,21.43,15.98
1555,1395/08/25,0.06,-0.13,22.59,-38.41
1556,1395/08/24,0.06,0.37,23.32,285.9
1557,1395/08/23,0.06,0.81,22.58,1815.83
1558,1395/08/22,0.06,0.0,23.26,0.0
1559,1395/08/21,0.05,0.0,21.94,0.0
1560,1395/08/20,0.05,0.0,21.95,0.0
1561,1395/08/19,0.05,-1.83,21.08,-99.88
1562,1395/08/18,0.06,0.3,22.33,198.71
1563,1395/08/17,0.05,0.63,21.5,872.8
1564,1395/08/16,0.05,-0.67,21.38,-91.39
1565,1395/08/15,0.05,0.0,20.23,0.0
1566,1395/08/14,0.05,0.0,22.16,0.0
1567,1395/08/13,0.05,0.0,22.17,0.0
1568,1395/08/12,0.06,0.01,22.93,5.5
1569,1395/08/11,0.06,-0.75,23.08,-93.67
1570,1395/08/10,0.06,-0.09,22.92,-29.05
1571,1395/08/09,0.06,1.31,22.84,11504.53
1572,1395/08/08,0.05,0.0,21.76,0.0
1573,1395/08/07,0.05,0.0,22.03,0.0
1574,1395/08/06,0.05,0.0,22.0,0.0
1575,1395/08/05,0.06,0.68,22.5,1098.15
1576,1395/08/04,0.06,0.25,22.91,144.97
1577,1395/08/03,0.06,0.25,23.46,151.76
1578,1395/08/02,0.06,0.36,23.21,267.21
1579,1395/08/01,0.06,0.0,22.38,0.0
1581,1395/07/30,0.05,0.0,21.95,0.0
1582,1395/07/29,0.05,0.0,21.88,0.0
1583,1395/07/28,0.06,0.31,22.33,210.45
1584,1395/07/27,0.05,0.18,21.81,94.99
1585,1395/07/26,0.05,0.18,22.14,91.41
1586,1395/07/25,0.05,-0.11,21.49,-33.27
1587,1395/07/24,0.05,0.0,21.45,0.0
1588,1395/07/23,0.05,0.0,22.09,0.0
1589,1395/07/22,0.05,0.0,22.1,0.0
1590,1395/07/21,0.05,0.0,22.07,0.0
1591,1395/07/20,0.05,0.0,22.08,0.0
1592,1395/07/19,0.05,0.28,22.14,180.74
1593,1395/07/18,0.05,0.33,21.89,229.87
1594,1395/07/17,0.06,0.0,22.48,0.0
1595,1395/07/16,0.06,0.0,22.36,0.0
1596,1395/07/15,0.05,0.0,19.92,0.0
1597,1395/07/14,0.05,-0.2,20.36,-51.3
1598,1395/07/13,0.05,0.09,22.2,39.17
1599,1395/07/12,0.06,-0.03,22.66,-10.0
1601,1395/07/11,0.05,-0.02,21.84,-5.82
1602,1395/07/10,0.06,0.0,22.64,0.0
1603,1395/07/09,0.06,0.0,22.7,0.0
1604,1395/07/08,0.06,0.0,22.67,0.0
1605,1395/07/07,0.06,0.2,22.33,110.22
1606,1395/07/06,0.06,0.07,23.1,28.7
1607,1395/07/05,0.06,0.01,22.98,4.01
1608,1395/07/04,0.05,1.06,21.93,4602.0
1609,1395/07/03,0.05,0.0,22.03,0.0
1610,1395/07/02,0.05,0.0,22.04,0.0
1611,1395/07/01,0.05,0.0,22.06,0.0
1612,1395/06/31,0.05,0.0,21.54,0.0
1613,1395/06/30,0.05,0.0,22.08,0.0
1614,1395/06/29,0.06,0.14,22.85,66.05
1615,1395/06/28,0.06,-0.38,22.55,-74.86
1616,1395/06/27,0.05,0.0,21.29,0.0
1617,1395/06/26,0.05,0.0,22.09,0.0
1618,1395/06/25,0.05,0.0,22.06,0.0
1619,1395/06/24,0.06,-0.25,22.25,-59.29
1620,1395/06/23,0.05,0.0,21.87,0.0
1621,1395/06/22,0.05,0.0,22.1,0.0
1622,1395/06/21,0.05,-0.13,21.49,-37.37
1623,1395/06/20,0.05,0.0,21.73,0.0
1624,1395/06/19,0.05,0.0,21.87,0.0
1625,1395/06/18,0.05,0.0,21.89,0.0
1626,1395/06/17,0.05,0.09,21.06,41.27
1627,1395/06/16,0.05,0.19,22.0,101.86
1628,1395/06/15,0.06,0.02,22.27,6.3
1629,1395/06/14,0.05,-0.85,22.02,-95.62
1630,1395/06/13,0.05,0.0,21.85,0.0
1631,1395/06/12,0.06,0.0,22.26,0.0
1632,1395/06/11,0.06,0.0,22.23,0.0
1633,1395/06/10,0.05,-0.25,21.02,-59.38
1634,1395/06/09,0.05,0.02,21.91,6.33
1635,1395/06/08,0.06,0.04,22.98,16.3
1636,1395/06/07,0.06,-0.98,22.6,-97.29
1637,1395/06/06,0.05,0.0,22.04,0.0
1638,1395/06/05,0.05,0.0,22.14,0.0
1639,1395/06/04,0.05,0.0,22.11,0.0
1641,1395/06/03,0.06,0.15,23.14,73.27
1642,1395/06/02,0.05,-0.16,21.12,-43.51
1643,1395/06/01,0.06,0.0,22.59,-0.14
1644,1395/05/31,0.05,0.27,21.94,163.99
1645,1395/05/30,0.05,0.0,21.56,0.0
1646,1395/05/29,0.05,0.0,22.01,0.0
1647,1395/05/28,0.05,0.0,22.02,0.0
1648,1395/05/27,0.05,0.03,21.2,11.65
1649,1395/05/26,0.06,0.03,22.36,13.34
1650,1395/05/25,0.06,-0.48,22.91,-82.8
1651,1395/05/24,0.05,0.02,22.16,7.05
1652,1395/05/23,0.05,0.0,20.72,0.0
1653,1395/05/22,0.05,0.0,21.57,0.0
1654,1395/05/21,0.05,0.0,21.54,0.0
1655,1395/05/20,0.05,-0.23,21.06,-56.37
1656,1395/05/19,0.06,0.06,22.63,22.47
1657,1395/05/18,0.05,-0.48,21.13,-82.88
1658,1395/05/17,0.05,1.18,22.17,7174.99
1659,1395/05/16,0.06,0.0,22.27,0.0
1660,1395/05/15,0.0,0.0,0.0,0.0
1661,1395/05/15,1.88,0.0,90456.03,0.0
1662,1395/05/14,0.06,0.0,22.24,0.0
1663,1395/05/13,0.06,0.9,22.6,2556.71
1664,1395/05/12,0.06,0.58,22.49,717.17
1665,1395/05/11,0.05,0.55,21.1,649.09
1666,1395/05/10,0.06,0.0,22.38,0.0
1667,1395/05/09,0.05,0.0,22.13,0.0
1668,1395/05/08,0.05,0.0,22.14,0.0
1669,1395/05/07,0.05,0.0,22.11,0.0
1670,1395/05/06,0.05,0.96,21.34,3168.05
1671,1395/05/05,0.05,0.05,21.39,18.15
1672,1395/05/04,0.06,0.38,22.77,293.3
1673,1395/05/03,0.06,0.9,25.65,2521.35
1674,1395/05/02,0.06,0.0,25.58,0.0
1675,1395/05/01,0.06,0.0,25.51,0.0
1676,1395/04/31,0.06,0.0,25.44,0.0
1677,1395/04/30,0.06,0.27,25.05,167.37
1678,1395/04/29,0.06,0.16,25.65,77.47
1679,1395/04/28,0.06,0.0,25.99,1.04
1680,1395/04/27,0.06,0.59,25.96,741.84
1681,1395/04/26,0.06,0.0,24.71,0.0
1682,1395/04/25,0.06,0.0,25.45,0.0
1683,1395/04/24,0.06,0.0,25.42,0.0
1684,1395/04/23,0.06,0.04,25.67,14.3
1685,1395/04/22,0.07,-0.11,26.97,-32.92
1686,1395/04/21,0.07,0.07,27.13,29.65
1687,1395/04/20,0.06,-0.38,26.64,-75.51
1688,1395/04/19,0.06,0.0,26.2,0.0
1689,1395/04/18,0.06,0.0,25.95,0.0
1690,1395/04/17,0.06,0.0,25.87,0.0
1691,1395/04/16,0.06,0.0,25.89,0.0
1692,1395/04/15,0.06,0.14,24.33,65.3
1693,1395/04/14,0.06,-0.16,25.74,-43.79
1694,1395/04/13,0.06,0.17,24.94,84.07
1695,1395/04/12,0.06,0.0,24.65,0.0
1696,1395/04/11,0.06,0.0,25.7,0.0
1697,1395/04/10,0.06,0.0,25.72,0.0
1698,1395/04/09,0.06,0.27,25.82,164.53
1699,1395/04/08,0.06,0.0,26.3,0.0
1701,1395/04/07,0.06,0.0,25.68,0.0
1702,1395/04/06,0.06,0.13,25.43,63.05
1703,1395/04/05,0.06,0.0,23.56,0.0
1704,1395/04/04,0.06,0.0,25.6,0.0
1705,1395/04/03,0.06,0.0,25.57,0.0
1706,1395/04/02,0.06,1.16,26.54,6670.75
1707,1395/04/01,0.06,0.25,25.61,152.12
1708,1395/03/31,0.06,-0.57,25.62,-87.38
1709,1395/03/30,0.06,-1.15,24.96,-98.53
1710,1395/03/29,0.06,0.0,25.52,0.0
1711,1395/03/28,0.06,0.0,25.59,0.0
1712,1395/03/27,0.06,0.0,25.42,0.0
1713,1395/03/26,0.06,-0.11,25.58,-33.49
1714,1395/03/25,0.06,-0.99,25.5,-97.37
1715,1395/03/24,0.06,-0.16,26.21,-43.6
1716,1395/03/23,0.06,-1.39,25.13,-99.41
1717,1395/03/22,0.06,0.0,26.47,0.0
1718,1395/03/21,0.06,0.0,25.44,0.0
1719,1395/03/20,0.06,0.0,25.46,0.0
1720,1395/03/19,0.06,0.0,24.83,0.82
1721,1395/03/18,0.06,-0.33,24.17,-70.49
1722,1395/03/17,0.06,0.06,25.28,23.73
1723,1395/03/16,0.06,0.0,23.98,0.0
1724,1395/03/15,0.06,0.0,24.11,0.0
1725,1395/03/14,0.06,0.0,25.73,0.0
1726,1395/03/13,0.06,0.0,26.2,0.0
1727,1395/03/12,0.06,-0.08,25.73,-25.0
1728,1395/03/11,0.06,-0.38,25.02,-74.71
1729,1395/03/10,0.06,0.06,26.21,23.69
1730,1395/03/09,0.06,-0.61,24.97,-89.14
1731,1395/03/08,0.06,0.0,24.67,0.0
1732,1395/03/07,0.06,0.0,25.54,0.0
1733,1395/03/06,0.06,0.0,25.56,0.0
1734,1395/03/05,0.06,0.21,25.58,114.18
1735,1395/03/04,0.06,0.37,25.32,279.1
1736,1395/03/03,0.06,0.0,25.39,0.0
1737,1395/03/02,0.06,0.0,25.5,0.0
1738,1395/03/01,0.07,0.0,26.93,0.0
1739,1395/02/31,0.06,0.0,25.44,0.0
1741,1395/02/30,0.06,0.0,25.46,0.0
1742,1395/02/29,0.06,0.16,23.99,77.81
1743,1395/02/28,0.06,0.41,24.9,347.11
1744,1395/02/27,0.06,0.15,26.15,75.75
1745,1395/02/26,0.06,-0.16,24.76,-43.67
1746,1395/02/25,0.06,0.0,25.14,0.0
1747,1395/02/24,0.06,0.0,25.38,0.0
1748,1395/02/23,0.06,0.0,25.31,0.0
1749,1395/02/22,0.06,-0.85,25.69,-95.49
1750,1395/02/21,0.06,-0.62,26.4,-89.55
1751,1395/02/20,0.06,0.08,26.23,33.3
1752,1395/02/19,0.06,-1.27,25.15,-99.05
1753,1395/02/18,0.06,0.0,24.4,0.0
1754,1395/02/17,0.06,0.0,25.78,0.0
1755,1395/02/16,0.06,0.0,25.75,0.0
1756,1395/02/15,0.06,-0.01,25.98,-4.84
1757,1395/02/14,0.06,-0.31,24.74,-67.55
1758,1395/02/13,0.06,-0.13,26.19,-36.95
1759,1395/02/12,0.06,-0.03,25.76,-9.02
1761,1395/02/11,0.06,0.0,25.33,0.0
1762,1395/02/10,0.06,0.0,25.62,0.0
1763,1395/02/09,0.06,0.0,25.59,0.0
1764,1395/02/08,0.08,0.01,31.72,4.91
1765,1395/02/07,0.06,-0.37,25.54,-74.49
1766,1395/02/06,0.06,0.31,25.78,205.09
1767,1395/02/05,0.06,0.23,25.66,130.52
1768,1395/02/04,0.07,0.0,31.1,0.0
1769,1395/02/03,0.06,0.0,25.57,0.0
1770,1395/02/02,0.06,0.0,25.59,0.0
1771,1395/02/01,0.06,-0.21,25.97,-52.96
1772,1395/01/31,0.07,-0.01,28.19,-2.07
1773,1395/01/30,0.06,1.19,25.41,7290.26
1774,1395/01/29,0.06,-2.6,25.52,-99.99
1775,1395/01/28,0.06,0.0,25.04,0.0
1776,1395/01/27,0.06,0.0,25.51,0.0
1777,1395/01/26,0.06,0.0,25.48,0.0
1778,1395/01/25,0.06,-0.65,24.46,-90.76
1779,1395/01/24,0.06,-0.19,25.66,-50.19
1780,1395/01/23,0.06,-0.02,24.58,-7.99
1781,1395/01/22,0.06,-0.58,25.65,-88.23
1782,1395/01/21,0.06,0.0,25.57,0.0
1783,1395/01/20,0.06,0.0,25.36,0.0
1784,1395/01/19,0.06,0.0,25.33,0.0
1785,1395/01/18,0.06,-0.26,25.95,-61.78
1786,1395/01/17,0.06,0.12,24.91,52.6
1787,1395/01/16,0.06,0.02,25.8,9.15
1788,1395/01/15,0.06,-0.84,22.72,-95.39
1789,1395/01/14,0.06,0.07,25.95,28.85
1790,1395/01/13,0.06,0.0,25.7,0.0
1791,1395/01/12,0.06,0.0,25.67,0.0
1792,1395/01/11,0.07,1.14,27.46,6184.11
1793,1395/01/10,0.06,-0.46,25.89,-81.59
1794,1395/01/09,0.06,-0.4,25.86,-76.87
1795,1395/01/08,0.06,0.08,25.88,31.53
1796,1395/01/07,0.06,1.22,25.85,8332.75
1797,1395/01/06,0.06,0.0,25.6,0.0
1798,1395/01/05,0.06,0.0,25.57,0.0
1799,1395/01/04,0.06,0.0,25.59,0.0
1801,1395/01/03,0.06,0.0,25.56,0.0
1802,1395/01/02,0.06,0.0,25.53,0.0
1803,1395/01/01,0.06,0.0,25.5,0.0
1804,1394/12/29,0.06,0.0,25.48,0.0
1805,1394/12/28,0.06,0.0,25.49,0.0
1806,1394/12/27,0.07,0.0,27.39,0.0
1807,1394/12/26,0.06,0.23,26.63,129.01
1808,1394/12/25,0.06,-0.25,25.05,-59.69
1809,1394/12/24,0.07,1.1,26.9,5247.76
1810,1394/12/23,0.06,0.0,25.59,0.0
1811,1394/12/22,0.06,1.35,25.83,13114.36
1812,1394/12/21,0.06,0.0,25.17,0.0
1813,1394/12/20,0.06,0.0,25.14,0.0
1814,1394/12/19,0.06,0.12,23.25,53.65
1815,1394/12/18,0.06,0.08,23.49,33.32
1816,1394/12/17,0.06,0.08,24.96,35.74
1817,1394/12/16,0.06,0.09,24.16,39.38
1818,1394/12/15,0.06,0.42,25.15,357.15
1819,1394/12/14,0.06,0.0,25.75,0.0
1821,1394/12/13,0.06,0.0,26.22,0.0
1822,1394/12/12,0.06,0.06,25.47,25.89
1823,1394/12/11,0.06,0.14,25.53,67.45
1824,1394/12/10,0.06,-0.25,24.25,-59.94
1825,1394/12/09,0.06,-0.63,25.43,-90.11
1826,1394/12/08,0.06,0.5,25.0,513.43
1827,1394/12/07,0.06,0.0,25.56,0.0
1828,1394/12/06,0.06,0.0,25.57,0.0
1829,1394/12/05,0.06,0.18,26.64,89.5
1830,1394/12/04,0.07,0.15,27.07,72.75
1831,1394/12/03,0.06,0.46,26.36,427.78
1832,1394/12/02,0.06,-0.42,25.51,-78.21
1833,1394/12/01,0.06,-0.42,25.48,-78.77
1834,1394/11/30,0.06,0.0,25.59,0.0
1835,1394/11/29,0.06,0.0,25.52,0.0
1836,1394/11/28,0.06,0.97,25.22,3260.42
1837,1394/11/27,0.06,-0.3,24.51,-67.19
1838,1394/11/26,0.06,0.87,26.58,2268.22
1839,1394/11/25,0.06,0.15,25.54,73.32
1840,1394/11/24,0.06,-1.17,24.52,-98.62
1841,1394/11/23,0.06,0.0,25.72,0.0
1842,1394/11/22,0.06,0.0,25.73,0.0
1843,1394/11/21,0.06,-0.9,24.16,-96.27
1844,1394/11/20,0.07,3.19,26.87,9403024.5
1845,1394/11/19,0.06,1.63,26.71,36269.57
1846,1394/11/18,0.06,0.63,26.64,882.72
1847,1394/11/17,0.06,0.57,26.01,696.14
1848,1394/11/16,0.06,0.0,26.03,0.0
1849,1394/11/15,0.06,0.0,23.17,0.0
1850,1394/11/14,0.06,-0.06,25.72,-18.58
1851,1394/11/13,0.06,1.11,26.33,5616.08
1852,1394/11/12,0.06,2.52,26.39,889234.63
1853,1394/11/11,0.07,-0.39,26.91,-75.58
1854,1394/11/10,0.06,0.54,25.48,612.31
1855,1394/11/09,0.06,0.0,26.0,0.0
1856,1394/11/08,0.06,0.0,26.06,0.0
1857,1394/11/07,0.06,0.02,25.22,6.09
1858,1394/11/06,0.07,3.11,27.47,7177420.18
1859,1394/11/05,0.07,1.65,27.49,39116.93
1861,1394/11/04,0.07,1.17,29.55,6756.39
1862,1394/11/03,0.06,0.6,25.75,778.67
1863,1394/11/02,0.06,0.0,25.81,0.0
1864,1394/11/01,0.06,0.0,26.01,0.0
1865,1394/10/30,0.07,0.67,27.59,1053.12
1866,1394/10/29,0.07,1.53,28.21,25746.46
1867,1394/10/28,0.07,-0.47,26.85,-81.79
1868,1394/10/27,0.07,0.87,26.82,2245.61
1869,1394/10/26,0.07,2.12,27.39,208560.58
1870,1394/10/25,0.07,0.0,27.32,0.0
1871,1394/10/24,0.07,0.0,27.39,0.0
1872,1394/10/23,0.07,1.08,29.32,4858.6
1873,1394/10/22,0.07,0.08,28.41,35.67
1874,1394/10/21,0.07,0.52,27.92,575.28
1875,1394/10/20,0.07,-0.31,27.61,-67.76
1876,1394/10/19,0.06,0.04,26.38,13.81
1877,1394/10/18,0.07,0.0,27.33,0.0
1878,1394/10/17,0.07,0.0,27.25,0.0
1879,1394/10/16,0.07,0.93,29.76,2829.88
1880,1394/10/15,0.0,0.0,0.0,0.0
1881,1394/10/15,2.05,0.53,162649.3,591.12
1882,1394/10/14,0.07,0.03,28.26,11.17
1883,1394/10/13,0.07,0.02,28.1,6.22
1884,1394/10/12,0.07,0.01,27.25,5.47
1885,1394/10/11,0.07,0.0,27.41,0.0
1886,1394/10/10,0.07,0.0,27.43,0.0
1887,1394/10/09,0.07,0.36,28.74,272.13
1888,1394/10/08,0.07,0.0,27.7,0.0
1889,1394/10/07,0.07,0.02,27.91,8.67
1890,1394/10/06,0.07,0.03,28.85,11.48
1891,1394/10/05,0.06,0.03,26.76,10.17
1892,1394/10/04,0.07,0.0,27.65,0.0
1893,1394/10/03,0.07,0.0,27.67,0.0
1894,1394/10/02,0.07,0.01,27.46,3.94
1895,1394/10/01,0.07,-0.17,27.53,-46.17
1896,1394/09/30,0.07,0.03,27.09,10.61
1897,1394/09/29,0.07,-0.38,27.34,-74.77
1898,1394/09/28,0.06,-0.67,25.52,-91.24
1899,1394/09/27,0.07,0.0,27.19,0.0
1900,1394/09/26,0.07,0.0,27.21,0.0
1901,1394/09/25,0.07,-0.14,27.0,-39.63
1902,1394/09/24,0.07,0.03,28.09,10.49
1903,1394/09/23,0.07,-0.15,27.18,-42.6
1904,1394/09/22,0.07,-0.16,27.2,-43.91
1905,1394/09/21,0.07,0.0,27.17,0.0
1906,1394/09/20,0.07,0.0,27.15,0.0
1907,1394/09/19,0.07,0.0,27.17,0.0
1908,1394/09/18,0.07,0.03,28.4,10.72
1909,1394/09/17,0.07,0.03,26.79,10.84
1910,1394/09/16,0.07,-0.07,27.83,-23.32
1911,1394/09/15,0.06,-0.25,26.47,-59.98
1912,1394/09/14,0.07,0.04,28.17,17.06
1913,1394/09/13,0.07,0.0,27.51,0.0
1914,1394/09/12,0.07,0.0,27.48,0.0
1915,1394/09/11,0.07,0.0,27.5,0.0
1916,1394/09/10,0.06,-0.16,26.07,-43.43
1917,1394/09/09,0.07,0.01,27.45,5.14
1918,1394/09/08,0.07,0.01,27.56,2.42
1919,1394/09/07,0.07,-0.16,27.54,-44.01
1921,1394/09/06,0.07,0.0,27.61,0.0
1922,1394/09/05,0.07,0.0,27.72,0.0
1923,1394/09/04,0.07,0.02,27.42,8.3
1924,1394/09/03,0.07,-0.12,27.35,-35.28
1925,1394/09/02,0.07,-0.2,28.15,-52.5
1926,1394/09/01,0.06,0.06,26.47,22.44
1927,1394/08/30,0.06,0.03,26.54,10.82
1928,1394/08/29,0.07,0.0,27.15,0.0
1929,1394/08/28,0.07,0.0,27.22,0.0
1930,1394/08/27,0.07,-0.23,27.1,-56.19
1931,1394/08/26,0.07,-0.15,28.51,-42.3
1932,1394/08/25,0.07,0.04,27.51,15.63
1933,1394/08/24,0.07,0.02,27.39,7.5
1934,1394/08/23,0.07,0.02,27.23,8.82
1935,1394/08/22,0.07,0.0,27.2,0.0
1936,1394/08/21,0.07,0.0,27.22,0.0
1937,1394/08/20,0.07,0.02,27.1,7.25
1938,1394/08/19,0.07,0.01,27.17,5.11
1939,1394/08/18,0.07,0.06,26.87,23.54
1940,1394/08/17,0.07,0.0,27.07,-0.46
1941,1394/08/16,0.07,0.12,27.28,52.33
1942,1394/08/15,0.06,0.0,26.65,0.0
1943,1394/08/14,0.07,0.0,27.21,0.0
1944,1394/08/13,0.07,0.18,27.6,95.87
1945,1394/08/12,0.07,-0.07,27.89,-22.6
1946,1394/08/11,0.04,-0.14,16.68,-39.64
1947,1394/08/10,0.07,-0.01,28.66,-3.59
1948,1394/08/09,0.07,0.04,27.58,15.8
1949,1394/08/08,0.07,0.0,27.42,0.0
1950,1394/08/07,0.07,0.0,27.49,0.0
1951,1394/08/06,0.09,0.0,38.97,0.41
1952,1394/08/05,0.07,0.19,27.95,100.37
1953,1394/08/04,0.07,0.02,27.69,6.17
1954,1394/08/03,0.07,-0.6,26.98,-89.07
1955,1394/08/02,0.07,0.0,26.95,0.0
1956,1394/08/01,0.07,0.0,26.97,0.0
1957,1394/07/30,0.07,0.0,26.95,0.0
1958,1394/07/29,0.07,0.05,26.78,21.01
1959,1394/07/28,0.07,0.02,27.31,9.25
1961,1394/07/27,0.07,0.09,27.42,37.7
1962,1394/07/26,0.07,1.77,27.4,60735.73
1963,1394/07/25,0.07,0.0,27.23,0.0
1964,1394/07/24,0.07,0.0,27.25,0.0
1965,1394/07/23,0.07,0.0,27.23,0.0
1966,1394/07/22,0.07,0.88,27.25,2323.55
1967,1394/07/21,0.07,0.22,27.5,126.96
1968,1394/07/20,0.07,0.02,27.38,5.82
1969,1394/07/19,0.07,-0.17,27.45,-45.73
1970,1394/07/18,0.07,0.0,27.51,0.0
1971,1394/07/17,0.07,0.0,27.77,0.0
1972,1394/07/16,0.07,0.0,27.83,0.0
1973,1394/07/15,0.07,0.29,26.85,192.06
1974,1394/07/14,0.07,-0.04,29.85,-13.23
1975,1394/07/13,0.06,0.11,26.66,51.73
1976,1394/07/12,0.07,-0.54,28.37,-86.35
1977,1394/07/11,0.07,0.0,27.57,0.0
1978,1394/07/10,0.07,0.0,27.59,0.0
1979,1394/07/09,0.07,0.0,27.56,0.0
1981,1394/07/08,0.07,-0.13,27.86,-37.96
1982,1394/07/07,0.07,0.02,27.97,6.05
1983,1394/07/06,0.07,0.01,27.81,3.56
1984,1394/07/05,0.07,-0.2,28.38,-51.74
1985,1394/07/04,0.07,0.0,27.71,0.0
1986,1394/07/03,0.07,0.0,27.73,0.0
1987,1394/07/02,0.07,0.0,27.75,0.0
1988,1394/07/01,0.07,0.18,27.41,90.93
1989,1394/06/31,0.07,0.41,27.47,338.32
1990,1394/06/30,0.07,-0.37,27.49,-73.76
1991,1394/06/29,0.07,-1.14,27.79,-98.49
1992,1394/06/28,0.07,0.0,27.54,0.0
1993,1394/06/27,0.07,0.0,27.51,0.0
1994,1394/06/26,0.07,0.0,27.58,0.0
1995,1394/06/25,0.07,-0.43,27.74,-79.63
1996,1394/06/24,0.07,-0.72,27.85,-92.97
1997,1394/06/23,0.07,0.06,27.83,22.35
1998,1394/06/22,0.07,-0.8,27.94,-94.72
1999,1394/06/21,0.07,0.0,27.91,0.0
2000,1394/06/20,0.07,0.0,27.98,0.0
2001,1394/06/19,0.07,0.0,28.0,0.0
2002,1394/06/18,0.07,-1.62,27.51,-99.74
2003,1394/06/17,0.07,-0.01,27.53,-3.72
2004,1394/06/16,0.07,0.02,28.68,6.9
2005,1394/06/15,0.07,0.36,27.64,269.15
2006,1394/06/14,0.07,0.0,28.62,0.0
2007,1394/06/13,0.07,0.0,28.19,0.0
2008,1394/06/12,0.07,0.0,28.12,0.0
2009,1394/06/11,0.07,0.04,28.6,15.39
2010,1394/06/10,0.07,0.04,28.67,15.39
2011,1394/06/09,0.07,-0.37,28.55,-74.59
2012,1394/06/08,0.07,0.03,28.71,9.67
2013,1394/06/07,0.07,0.38,27.86,301.08
2014,1394/06/06,0.07,0.0,27.93,0.0
2015,1394/06/05,0.07,0.0,27.86,0.0
2016,1394/06/04,0.07,0.01,28.24,5.19
2017,1394/06/03,0.07,-0.7,28.17,-92.38
2018,1394/06/02,0.07,-0.35,28.2,-72.61
2019,1394/06/01,0.07,-0.53,28.31,-85.45
2021,1394/05/31,0.07,0.01,27.59,3.82
2022,1394/05/30,0.07,0.0,27.71,0.0
2023,1394/05/29,0.07,0.0,27.68,0.0
2024,1394/05/28,0.07,0.04,27.61,17.56
2025,1394/05/27,0.07,-0.17,28.09,-46.89
2026,1394/05/26,0.07,0.1,27.98,41.92
2027,1394/05/25,0.07,-0.11,28.04,-34.03
2028,1394/05/24,0.07,-0.89,27.46,-96.22
2029,1394/05/23,0.07,0.0,27.62,0.0
2030,1394/05/22,0.07,0.0,27.64,0.0
2031,1394/05/21,0.07,0.0,27.85,0.0
2032,1394/05/20,0.07,0.0,27.92,0.0
2033,1394/05/19,0.07,-0.11,28.08,-32.27
2034,1394/05/18,0.07,-0.04,28.33,-14.06
2035,1394/05/17,0.07,-0.68,28.17,-91.63
2036,1394/05/16,0.07,0.0,28.24,0.0
2037,1394/05/15,0.07,0.0,27.31,0.0
2038,1394/05/14,0.09,0.01,36.8,2.95
2039,1394/05/13,0.07,-0.27,27.9,-62.95
2041,1394/05/12,0.07,0.14,28.98,69.45
2042,1394/05/11,0.07,-0.45,29.09,-80.56
2043,1394/05/10,0.06,0.07,26.42,30.7
2044,1394/05/09,0.07,0.0,28.86,0.0
2045,1394/05/08,0.07,0.0,28.79,0.0
2046,1394/05/07,0.07,0.44,27.89,392.88
2047,1394/05/06,0.07,0.07,28.37,30.23
2048,1394/05/05,0.07,-0.8,28.63,-94.67
2049,1394/05/04,0.07,-0.09,29.11,-27.45
2050,1394/05/03,0.06,-0.9,26.01,-96.29
2051,1394/05/02,0.07,0.0,28.74,0.0
2052,1394/05/01,0.07,0.0,28.67,0.0
2053,1394/04/31,0.07,-0.6,28.23,-88.79
2054,1394/04/30,0.07,-0.14,27.79,-40.76
2055,1394/04/29,0.06,-0.99,24.75,-97.32
2056,1394/04/28,0.07,0.0,29.31,0.0
2057,1394/04/27,0.07,0.0,29.34,0.0
2058,1394/04/26,0.07,0.0,29.31,0.0
2059,1394/04/25,0.07,0.0,29.01,0.0
2060,1394/04/24,0.07,-0.87,28.24,-95.92
2061,1394/04/23,0.07,0.35,28.45,252.03
2062,1394/04/22,0.07,2.29,28.94,386104.38
2063,1394/04/21,0.07,1.24,28.77,8888.04
2064,1394/04/20,0.05,0.08,18.82,36.1
2065,1394/04/19,0.08,0.0,33.48,0.0
2066,1394/04/18,0.08,0.0,33.27,0.0
2067,1394/04/17,0.08,0.0,33.3,0.0
2068,1394/04/16,0.08,1.12,31.69,5794.67
2069,1394/04/15,0.07,0.36,30.01,277.41
2070,1394/04/14,0.04,-3.48,17.19,-100.0
2071,1394/04/13,0.07,5.07,29.36,6844339303.43
2072,1394/04/12,0.07,0.0,27.18,0.0
2073,1394/04/11,0.07,0.0,27.06,0.0
2074,1394/04/10,0.07,-0.09,26.81,-28.96
2075,1394/04/09,0.07,0.92,27.47,2695.25
2076,1394/04/08,0.07,0.05,27.35,19.57
2077,1394/04/07,0.07,-0.79,27.32,-94.43
2078,1394/04/06,0.07,-0.07,27.34,-22.55
2079,1394/04/05,0.07,0.0,27.32,0.0
2081,1394/04/04,0.07,0.0,27.39,0.0
2082,1394/04/03,0.07,0.03,27.59,10.73
2083,1394/04/02,0.07,0.88,27.24,2312.21
2084,1394/04/01,0.07,0.73,27.72,1322.11
2085,1394/03/31,0.07,-0.04,27.56,-13.57
2086,1394/03/30,0.06,0.44,23.01,387.64
2087,1394/03/29,0.08,0.0,31.72,0.0
2088,1394/03/28,0.07,0.0,30.51,0.0
2089,1394/03/27,0.07,1.6,28.15,32698.22
2090,1394/03/26,0.08,0.19,33.0,97.92
2091,1394/03/25,0.07,-0.34,28.85,-70.86
2092,1394/03/24,0.08,0.13,31.71,61.38
2093,1394/03/23,0.05,0.4,22.03,328.62
2094,1394/03/22,0.08,0.0,34.8,0.0
2095,1394/03/21,0.08,0.0,34.3,0.0
2096,1394/03/20,0.07,0.01,30.29,2.55
2097,1394/03/19,0.08,-1.01,32.13,-97.52
2098,1394/03/18,0.08,-0.37,31.92,-74.33
2099,1394/03/17,0.08,-0.17,34.37,-47.09
2100,1394/03/16,0.08,0.01,31.73,4.6
2101,1394/03/15,0.07,0.0,29.27,0.0
2102,1394/03/14,0.08,0.0,31.63,0.0
2103,1394/03/13,0.08,0.0,31.65,0.0
2104,1394/03/12,0.1,0.1,44.29,43.67
2105,1394/03/11,0.08,0.0,32.05,-0.52
2106,1394/03/10,0.06,-0.3,26.55,-66.93
2107,1394/03/09,0.06,0.03,26.39,10.79
2108,1394/03/08,0.06,0.0,26.64,0.0
2109,1394/03/07,0.06,0.0,26.56,0.0
2110,1394/03/06,0.06,-0.03,26.58,-9.32
2111,1394/03/05,0.07,-0.12,27.01,-35.93
2112,1394/03/04,0.06,0.21,26.71,114.6
2113,1394/03/03,0.06,-0.1,26.69,-30.82
2114,1394/03/02,0.07,-0.43,26.98,-79.42
2115,1394/03/01,0.06,0.0,26.68,0.0
2116,1394/02/31,0.06,0.0,26.65,0.0
2117,1394/02/30,0.06,0.09,26.63,40.08
2118,1394/02/29,0.06,0.19,26.51,100.87
2119,1394/02/28,0.07,0.09,27.03,39.33
2121,1394/02/27,0.07,-0.1,27.65,-31.69
2122,1394/02/26,0.06,0.0,26.34,0.0
2123,1394/02/25,0.06,0.0,26.31,0.0
2124,1394/02/24,0.06,0.0,26.24,0.0
2125,1394/02/23,0.06,0.34,26.3,245.43
2126,1394/02/22,0.06,0.39,25.96,314.56
2127,1394/02/21,0.06,0.29,26.48,190.32
2128,1394/02/20,0.07,-1.01,29.72,-97.58
2129,1394/02/19,0.07,-0.84,27.21,-95.42
2130,1394/02/18,0.07,0.0,28.21,0.0
2131,1394/02/17,0.07,0.0,28.23,0.0
2132,1394/02/16,0.07,-0.15,28.02,-43.08
2133,1394/02/15,0.04,-0.38,16.95,-75.49
2134,1394/02/14,0.07,-1.03,26.99,-97.74
2135,1394/02/13,0.06,-0.83,26.7,-95.25
2136,1394/02/12,0.07,0.0,27.12,0.0
2137,1394/02/11,0.07,0.0,27.1,0.0
2138,1394/02/10,0.07,0.0,27.12,0.0
2139,1394/02/09,0.07,0.19,27.09,101.54
2141,1394/02/08,0.07,-0.1,26.98,-31.75
2142,1394/02/07,0.07,-0.95,26.95,-96.98
2143,1394/02/06,0.06,-0.5,25.56,-83.86
2144,1394/02/05,0.06,-0.04,25.57,-14.52
2145,1394/02/04,0.07,0.0,27.01,0.0
2146,1394/02/03,0.07,0.0,26.99,0.0
2147,1394/02/02,0.07,-0.39,27.05,-75.82
2148,1394/02/01,0.08,-0.28,31.58,-64.15
2149,1394/01/31,0.07,-0.54,30.82,-86.01
2150,1394/01/30,0.07,0.01,27.2,2.63
2151,1394/01/29,0.07,-1.04,27.36,-97.76
2152,1394/01/28,0.07,0.0,27.34,0.0
2153,1394/01/27,0.07,0.0,27.31,0.0
2154,1394/01/26,0.07,-0.56,27.24,-87.34
2155,1394/01/25,0.06,0.02,23.62,6.15
2156,1394/01/24,0.07,-0.48,27.23,-82.7
2157,1394/01/23,0.07,-1.77,27.07,-99.85
2158,1394/01/22,0.08,-0.94,34.17,-96.77
2159,1394/01/21,0.07,0.0,28.8,0.0
2160,1394/01/20,0.07,0.0,28.73,0.0
2161,1394/01/19,0.07,0.75,28.8,1418.12
2162,1394/01/18,0.06,-0.97,26.37,-97.1
2163,1394/01/17,2.73,0.0,1890000.0,0.0
